1,"PWTシステム"
2,"VDCシステム（HSA）"
3,"VDCシステム(ブレーキ)"
4,"MOT/INV"
5,"減速機"
6,"PWT外"
7,"Vehicle"
8,"EM設計"
9,"HEVC
(UE1,2,3)"
10,"※F-5と同じ"
11,"車両"
12,"PWT外
(車両電装)"
13,"DCDC"
14,"PWT外(空調)"
15,"ENG(燃費)"
16,"GEN/INV"
17,"GB"
18,"BAT"
19,"Front-end-Module"
20,"PowerPlant"
21,"XTL"
22,"4WD"
23,"駆動システム"
24,"ENG(出力)"
25,"Increaser"
26,"Reducer"
27,"※F-4と同じ"
28,"chassis SYS
(XF2)"
29,"D/SFT
(UI5,2J2)"
30,"Reducer
(UV4)"
31,"MTR
(UV2)"
32,"※F-3と同じ"
33,"MTR
(UV4)"
34,"INV
(UV4)"
35,"Reducer
(UV4, 2J1)"
36,"※F-1と同じ"
37,"※F-2と同じ"
38,"Vehicle
(UE1,XTL)"
39,"HEVC
(UM1)"
40,"HEVC
(XTL,UM1,UE3)
VDC
(XJB)"
41,"HEVC
(UE1,3)"
42,"HEVC
(UE2,3)"
43,"Vehicle
(XTL)"
44,"INV(UV4)
CAN(UM1)"
45,"Vehicle（XTL）"
46,"熱マネジメントシステム"
47,"Motorユニット
Inverterユニット
Batteryユニット"
48,"F.E.M"
49,"MOTコイル
INV PM"
50,"発熱部位～ヒートシンク構成材料"
51,"MOT W/J
INV W/J"
52,"eWP"
53,"配管"
54,"各熱交換器"
55,"LT RAD
& Layout"
56,"MF"
57,"他熱交換器
& Layout"
58,"熱マネジメント"
59,"PWTシステム
熱マネジメントシステム"
60,"Chargingユニット"
61,"Batteryユニット"
62,"Chiller"
63,"Heating方式による"
64,"充電ポート"
65,"ケーブル"
66,"バッテリコネクタ"
67,"バッテリコネクタ(コネクタ方式）"
68,"バッテリコネクタ(ﾊﾞｽﾊﾞ方式）"
69,"制御"
70,"Fuse"
71,"Fuse Box (Base, Fuse, Current Sencer)"
72,"FuseBoxバスバー"
73,"SDSW"
74,"Relay"
75,"バスバー"
76,"HV Harness Connector"
77,"All Connections"
78,"SWSD-MD間バスバー"
79,"J/B内バスバー"
80,"MD間バスバー"
81,"Cell間バスバー"
82,"BCM"
83,"サーミスタ"
84,"バスバー(弱い部分)"
85,"Batteryセル"
86,"グリース等"
87,"e-WP"
88,"ヒートシンク"
89,"熱交換機"
90,"エアコンシステム"
91,"バンパー/グリル/エアガイド"
92,"M/FAN"
93,"Batteryパック"
94,"？？"
95,"ヒータ"
96,"Thermal
Management"
97,"車体"
98,"車室
（キャビン）"
99,"HVAC"
100,"WCDS"
101,"Front End Module"
102,"H/C"
103,"PTCヒーター"
104,"eW/P"
105,"統合ユニット"
106,"COMPRESSOR"
107,"EVAPORATOR"
108,"A/C PIPE"
109,"BLOWER"
110,"Fr HEATER ASSY"
111,"VENT DUCT"
112,"VENT GRILLE"
113,"DRAFRER"
114,"COMP"
115,"EVAP"
116,"COND/WCDS"
117,"？"
118,"WDCS"
119,"LT-RAD"
120,"コンポ"
121,"申請中"
122,"車両+ENG消費電力"
123,"空調"
124,
