1,"駆動力発生"
2,"スリップ抑制"
3,"アクセル操作に対
する駆動力発生"
4,"Rr配分機構"
5,"AWDシステムトルク"
6,"FR Motorトルク"
7,"FR Motor回転数"
8,"FR トルク増幅"
9,"RR Motorトルク"
10,"RR Motor回転数"
11,"RR トルク増幅"
16,"PT関連の振動保障基準を満足する機能"
17,"エンジン加振力"
18,"P/T起因の固体伝播"
19,"P/T起因の空気伝播"
20,"EV走行とENG発電時のレベル差ΔL"
21,"変動感(音質)"
22,"PT起因の異音"
23,"アクセルON時の加振力を低減させる機能"
24,"MTRマウント経由の伝達を低減させる機能※F-5"
25,"MTRマウント経由の伝達を低減させる機能
※F-5と同じ"
26,"アクセルON後
速やかに駆動力を発生する機能"
27,"アクセルOFF時の加振力を低減させる機能"
28,"モードトータル
車両走行仕事量(力行)"
29,"モードトータル
補機消費電力量"
30,"モードトータル
回生電力量(バッテリー蓄電量)"
31,"モードトータル
供給エネルギー量"
32,"ENG Sub-sys効率"
33,"GEN Sub-sys効率"
34,"FR MOT Sub-sys効率"
35,"RR MOT Sub-sys効率"
36,"BATT Sub-sys効率"
37,"回生Min発電トルク特性"
38,"NC充電仕事量"
39,"充電中補機損失"
40,"P/P固有値をENG基本次数領域外"
41,"モータノイズ"
42,"ギヤノイズ"
43,"P抜き異音"
44,"アクセルオンオフ時ガタ打ち音"
45,"リアモータガタうち音"
46,"アクセルオン時ドン音"
47,"D/Sコー音"
48,"D/S ｎ次こもり音"
49,"ENG-D/Sビート音"
50,"モーター回転n次スプライン部うなり音"
51,"冷気時ベアリング異音"
52,"減速機コトコト音"
53,"グアングアン音"
54,"モーターカッキン音"
55,"カタカタ音"
56,"モーターウー音"
57,"DS定常駆動力"
58,"DS過渡駆動力"
59,"車両走行抵抗"
60,"補機駆動損失"
61,"DS後進回転数"
62,"Motor最高出力"
63,"Motor供給電圧"
64,"Generator供給出力"
65,"ENG供給出力"
66,"出力伝達機能"
67,"Battery供給出力&時間"
68,"Motor最大トルク"
69,"トルク増幅率"
70,"Motor後進回転数"
71,"減速率"
72,"トルクリプルによる加振力を低減する機能"
73,"停止中のトルク変動を抑制する機能"
74,"一低速走行時のD/SFTトルク変動を低減する機能"
75,"セレクトによるガタ反転時の加振力を低減させる機能"
76,"P解除時の加振力を低減させる機能"
77,"クリープトルクを発生させる機能"
78,"MTRトルク0Nm指示時のガタハンチングを防ぐ機能"
79,"駆動力変化を低減させる機能"
80,"加振力を低減させる機能"
81,"Rr駆動力配分変化による加振力を低減させる機能"
82,"MTRトルク"
83,"駆動捩じり系ハード特性"
84,"加振力を低減させる機能
※F-1
ガタ詰めを適切に行う機能"
85,"加振力を減衰させる機能
※F-2
ねじり振動を減衰させる機能"
86,"加振力を減衰させる機能
※F-2
ねじり振動を減衰させるトルクを発生させる機能"
87,"加振力を低減させる機能(駆動捩じり系ハード特性)※F-3"
88,"速やかにトルクを発生させる機能"
89,"加振力を低減させる機能
※F-1と同じ"
90,"加振力を減衰させる機能
※F-2と同じ"
91,"加振力を低減させる機能(駆動捩じり系ハード特性)※F-3と同じ"
92,"加振力を低減させる機能
発生するトルクリプルに対してカウンタートルクを当てる機能"
93,"加振力を減衰させる機能
ねじり振動を減衰させる機能(制振F/B制御)"
94,"加振力を減衰させる機能
ねじり振動を減衰させるトルクを発生させる機能"
95,"トルクリプル特性(素質)"
96,"トルクリプル振動が発生する車速域において、(最大トルク)-(トルクリプル補償前振幅)以上のトルク域を制限する機能"
97,"停止中のトルク変動を抑制する機能
停止中のトルクリプル補償ON/OFFによるトルク段差を抑制する機能"
98,"入力電圧に対する出力電圧の電圧誤差を補償する機能
※B13B市場不具合再発防止
※B13B市場不具合メカニズム:MTR回転数が変動した際に一定トルクを出力できず、回転変動に伴う実トルク変動が発生した。"
99,"加振力を減衰させる機能
駆動系ねじり振動、モーター回転変動を収束させる機能"
100,"加振力を減衰させる機能
ねじり振動を減衰させる機能"
101,"所定の勾配以上の停車時にクリープトルクを発生させる機能
停車時の勾配を演算する機能"
102,"所定の勾配以上の停車時にクリープトルクを発生させる機能
停車時の勾配を演算する機能
停車時の勾配が所定の値(4.5%)以上であればクリープカットを禁止する機能"
103,"所定の勾配以上の停車時にクリープトルクを発生させる機能
停車時の勾配を演算する機能
停車時の勾配が所定の値(4.5%)以上で、クリープトルクがカットされている場合、クリープトルクを復帰させる機能"
104,"所定の勾配以上の停車時にクリープトルクを発生させる機能
停車時の勾配を演算する機能
勾配に応じた目標クリープトルクを発生させる機能"
105,"所定の勾配以上の停車時にクリープトルクを発生させる機能
停車時の勾配を演算する機能
勾配に応じたクリープトルク復帰傾きを設定する機能"
106,"フリクション補償後のトルクを正確に出力する機能
※PZ1Aで発生した運転性課題。0Nm指示時の実トルクが正側にずれた場合、フリクションによって負側に詰まるはずのガタが浮遊してしまい、ガタハンチングが発生した。"
107,"減速時に、トルク精度を考慮してもガタを負側に押し付ける機能"
108,"MTRトルクレートを制限する機能"
109,"車輪速の微小変化をマスクする機能
0.1kph以下は停車判定できる精度のRNMG分解能"
110,"加振力を低減させる機能
FrおよびRrに駆動力を配分する機能"
111,"熱冷却"
112,"発熱部位の発熱量
(MOT、INV、Batt)"
113,"発熱量を冷却水に移動させる
(熱伝導、熱伝達)"
114,"移動した熱を持つ冷却水にRad.に輸送させる
(熱伝達)"
115,"冷却水の熱を大気に逃がす"
116,"発熱量"
117,"ユニット内熱伝導"
118,"冷却水との強制熱伝達"
119,"冷却水流量（Q）"
120,"冷却水通水抵抗（P）"
121,"LTラジエータ性能"
122,"RAD通過風速"
123,"大気放熱"
124,"モードトータルPT損失量"
125,"電力を伝える電流量"
126,"走行に必要な電力エネルギ"
127,"130km/h走行電費"
128,"充電時間"
129,"充電回数"
130,"外部電力供給"
131,"電力損失
Qstorage＝Qspply-Qloss
Qloss=Qbatter loss + Qenery transfer"
132,"バッテリ高温性能"
133,"バッテリCooling"
134,"バッテリ低温性能"
135,"バッテリHeating"
136,"部品熱耐力(Tmax)"
137,"部品間の接触抵抗（R)"
138,"部品熱容量(C)"
139,"電流(I)制限"
140,"強電回路保護"
141,"熱耐力_強電部位外(樹脂、弱電材)"
142,"熱伝導(サプライヤからもらう)"
143,"熱耐力_強電部位外(樹脂、12V)"
144,"発熱を抑える"
145,"熱伝導
(サプライヤからもらう)"
146,"自然対流熱伝達"
147,"電流制限"
148,"表面処理"
149,"セル内発熱～温度上昇"
150,"セル～ヒートシンク熱伝導"
151,"冷却水熱伝達"
152,"冷媒熱交換(チラー熱交換)"
153,"冷却水熱交換(RAD熱交換)"
154,"空気熱伝達"
155,"熱源"
156,"ヒータとの熱伝達"
157,"熱伝導"
158,"吹き出し口(HVAC)からのエネルギ供給量(温度x風量）"
159,"吹き出し口から足元までにの熱エネルギ損失
①温度低下"
160,"①風量減衰"
161,"水に捨てられた熱を冷媒に移動させる。"
162,"チラーで取り込んだ熱をWCDSに移動させる"
163,"水に取り込んだ熱をH/Cに移動させる"
164,"室内に熱を移動させる"
165,"暖房に必要な風量を送風する"
166,"吹き出し口から顔までに
熱エネルギ損失
①温度上昇"
167,"室内の熱を冷媒に移動させる"
168,"EVAで取り込んだ熱をCONDに移動させる"
169,"冷媒に捨てられた熱を水に放出させる"
170,"冷却に必要な風量を送風する"
171,"MTRトルク"
172,"駆動捩じり系ハード特性"
173,"MTRトルク"
174,"申請中"
175,"モードトータル
車両走行仕事量(力行)

【前提走行抵抗式】
F'=f(車両)"
176,"モードトータル
補機消費電力量(LIB放電量)"
177,"モードトータル
回生電力量(モータ入力仕事)"
178,"BATT 放電容量"
179,"BATT 普通充電容量"
180,"走行車両仕事量"
181,"補機消費電力"
182,"初回BATT放電電力"
183,"充電電力"
184,"DS駆動力"
185,"DS駆動力プロフィール"
186,"Motor最高出力 "
187,"トルク伝達効率"
188,"MOT供給電圧"
189,"アクセルヒルホールド ブレーキ保持"
190,"BATT供給電力"
191,"MOT出力"
