1,"D/SFTトルク [Nm]",1
2,"HSA解除閾値",2
3,"ブレーキトルク [Nm]",3
4,"ブレーキトルク",3
5,"モータトルクー時間",4
6,"モーター回転数",4
7,"ギア比",5
8,"伝達効率",5
9,"モータトルク",4
10,"P/P振動強度",1
11,"エンジン放射音
システム階層のL？",1
12,"エンジンマウント振動入力",1
13,"スピンドル部振動入力",6
14,"エンジン放射音",
15,"e-PTからの放射音",1
16,"ENG発電時のレベル",
17,"EV走行時（ENG発電直前）のレベル",
18,"気筒からエンジンマウント部の振動レベル差",1
19,"吸気開口端の放射音入力",
20,"e-PT系異音",
21,"D/SFTトルクプロフィール",1
22,"タイヤ+ホイールイナーシャ",7
23,"タイヤ動半径",7
24,"F/Dギヤ比",7
25,"車両重量(C.W+130)",7
26,"マウント剛性、ストローク",8
27,"P/P前後固有値",8
28,"D/SFTトルクプロフィール(1)",9
29,"※F-5と同じ",10
30,"車両質量(走行試験時)",11
31,"空力係数(Cd)",11
32,"前面投影面積",11
33,"タイヤRRC",11
34,"HUB損失",11
35,"BRAKE損失",11
36,"ePT連れまわり損失(コースト時)",1
37,"弱電補機消費電力量
(ENG分含む)",12
38,"DCDC効率",13
39,"HVAC消費電力量",14
40,"回生エネルギー最大原資",11
41,"メカブレーキ損失
(協調ブレーキ)",11
42,"ePT回生発電損失",1
43,"回生最大減速度",1
44,"NC充電仕事量(BEV)",1
45,"外部充電中損失(BEV)",1
46,"PTトータル平均効率",1
47,"エンジン熱効率",15
48,"GEN/INV効率",16
49,"増速機効率",17
50,"FR MOT/INV効率",4
51,"FR減速機効率",17
52,"RR MOT/INV効率",4
53,"RR減速機効率",17
54,"充電効率",18
55,"放電効率",18
56,"MOTトルク特性(N-t)",4
57,"BATTシステムの充電効率",18
58,"BATT容量",18
59,"Batteryセル数(並列)",18
60,"Batteryセル特性",18
61,"温調システム",19
62,"車両電装　kWh",18
63,"PP固有値",20
64,"FRモーター本体振動",4
65,"RRモーター本体振動",4
66,"FR-RRモータうなり音",
67,"Fr減速機ギヤノイズ",17
68,"RR減速機ギヤノイズ",17
69,"RR減速機ギヤノイズ
<マウント取り付け点剛性>",17
70,"RR減速機ギヤノイズ
<マウント特性>",11
71,"FR-RRギヤうなり音",
72,"P抜き異音",17
73,"フロントモータ",21
74,"リアモータ",4
75,"リアモータガタうち音",22
76,"リアモータforXTL",21
77,"P/P固有値-S/BRKT固有",23
78,"D/SFT OJ起振力",23
79,"ENG次数-D/S次数離間率",23
80,"スプラインガタ",4
81,"グリスちょうど",4
82,"モーター軸スラスト方向の動き",17
83,"2軸のギア倒れ量",17
84,"リテーナー構造",4
85,"BRGガタ",4
86,"バネ仕様",4
87,"ロータベアリング内径真円度",4
88,"RR減速機ギヤノイズ<マウント特性>",11
89,"DS最高出力",1
90,"DS最大トルクー時間",1
91,"DSトルクカーブ",1
92,"DS最大トルク",1
93,"始動～0.1秒DS過渡トルク",1
94,"車両質量",11
95,"タイヤサイズ&RRC",11
96,"HUB/BRAKE損失",11
97,"トーイング",11
98,"弱電補機負荷",11
99,"HVAC負荷",11
100,"DS後進回転数",1
101,"Motorトルク(Nm)",4
102,"Motor出力(kW)",4
103,"許容最高回転数
→性能保証(常用回転数)",4
104,"Fr Motor過回転防止点",4
105,"Batteryセル数(直列)",18
106,"Batt出力ー時間",18
107,"GENトルク(Nm)",16
108,"GEN回転数(rpm)",16
109,"許容最高回転数 × 入力トルク",16
110,"最高出力　kW",16
111,"GEN最高出力　kW",24
112,"ENG最高出力(kW-rpm)",24
113,"ENGトルクカーブ(Nm-rpm)",24
114,"増速比(ギヤ比)",25
115,"BATT容量　kWh",18
116,"最大Motorトルクー時間",4
117,"FR減速比(ギヤ比)",26
118,"Motor後進回転数",4
119,"D/SFTトルクプロフィールforHEVC",9
120,"車両特性
※F-4と同じ",27
121,"タイヤ特性",7
122,"ePKB",28
123,"MTRトルクプロフィール",4
124,"D/SFT剛性",29
125,"D/SFTガタ
(スプライン除く)",29
126,"MTR～減速機ガタ
(D/SFTスプライン含む)",30
127,"減速機フリクション
(ノミナル)",30
128,"減速機フリクション
(バラつき)",30
129,"MTRイナーシャ",31
130,"減速機イナーシャ",30
131,"D/SFTイナーシャ",29
132,"※F-3と同じ",32
133,"MTRトルクプロフィールforBAT??",18
134,"Rr MTRトルクプロフィール",22
135,"制振F/F制御
(日産制御をサプライヤINV制御に実装)",33
136,"制振F/F制御
(日産制御をサプライヤINV制御に実装)forINV",34
137,"制振F/B制御
(日産制御をサプライヤINV制御に実装)",34
138,"制振制御マージン?
(システム最大トルク・出力に対して上乗せで出力可能なトルク?",33
139,"減速機フリクション
バラつき",30
140,"MTRイナーシャ(Fr)",31
141,"MTRイナーシャ(Rr)",31
142,"減速機イナーシャ(Fr)",35
143,"減速機イナーシャ(Rr)",35
144,"MTRおよびINV特性",34
145,"※F-1と同じ",36
146,"※F-2と同じ",37
147,"トルクリプル補償制御",33
148,"制振F/B制御
(日産制御をサプライヤINV制御に実装)",34
149,"トルクリプル特性(素質)",33
150,"【2WD仕様】
目標駆動力",9
151,"【4WD仕様】
Frモータートルク配分",38
152,"【4WD仕様】
Rrモータートルク配分",38
153,"トルクリプル補償制御なしでのトルクリプル振幅特性",33
154,"or
P,Nレンジ以外で停止中にゲートオフしない事",33
155,"トルクF/B制御",33
156,"P解除時後、指示トルク0NmにおいてF/Bトルクリミットを開放する制御",39
157,"勾配推定制御",40
158,"クリープカット禁止勾配",41
159,"クリープカット復帰勾配",41
160,"目標クリープトルク",42
161,"クリープトルク復帰傾き",42
162,"MTR特性、INV特性、および制御定数",33
163,"駆動力MAP定数",9
164,"MTRトルクレート
(絶対値)",43
165,"RNMG分解能",44
166,"Rr駆動力配分0%の領域がない事",45
167,"要求されたDSトルクを発生できるポテンシャルを持つこと",1
168,"要求された運転/環境条件でePTで電流制限をかけない",46
169,"各ユニット発熱量",47
170,"MOT/INV/Batt最弱部位の発熱量と発熱部位から冷却水への熱移動量",47
171,"最大冷却水流量",48
172,"冷却水と大気の熱交換量",48
173,"内部抵抗
比熱
重量
耐熱許容温度",49
174,"熱抵抗",50
175,"冷却水流速
＝流量/通路断面積",51
176,"通水抵抗",51
177,"表面形状",51
178,"冷却水通路表面積",51
179,"ポンプ吐出量",52
180,"ポンプ最高許容回転数",52
181,"電動ポンプ出力(PxQ特性)",52
182,"e-WP流量応答性",52
183,"配管通水抵抗",53
184,"各熱交換器通気抵抗",54
185,"LTラジエータ 放熱率",55
186,"LTラジエータ 車載効率",55
187,"LTラジエータ 循環流量",55
188,"LTラジエータ 風速(FAN OFF)",55
189,"LTラジエータ風量(FAN ON)",56
190,"MFAN P-Q",56
191,"RAD前の空気温度(外気温＋α)",57
192,"LT-RAD前にある熱交換機からの放熱量",57
193,"吹き返しによる受熱",57
194,"電流プロファイル",1
195,"15/30min蓄電エネルギ量",59
196,"初回充電までの走行距離",1
197,"30min Recovery Range",1
198,"30min蓄電エネルギ量",59
199,"30min QC回数",1
200,"要求電流プロファイルでバッテリに伝送できること",60
201,"電流プロファイルでバッテリが蓄電できること",61
202,"電力伝送損失
（上記、電流プロファイルからのΣI^2 x R ）",61
203,"Battery内部損失
（上記、電流プロファイルからのΣI^2 x R ）",61
204,"バッテリセル受入れ性能（高温）",61
205,"バッテリ許容温度",61
206,"バッテリ～冷却水抜熱量",61
207,"冷却水～冷媒抜熱量",62
208,"バッテリセル受入れ性能（低温）",61
209,"Li析出",61
210,"熱源～冷却水加熱",63
211,"冷却水～バッテリ加熱",63
212,"耐熱温度",64
213,"耐熱温度forケーブル",65
214,"耐熱温度forバッテリコネクタ",66
215,"オスメス接触抵抗",64
216,"カシメ部電気抵抗",65
217,"オスメス接触抵抗（含むメッキ）",67
218,"バスバ接触抵抗（含むメッキ）",68
219,"バスバボルト軸力",68
220,"ポート熱容量",64
221,"カシメ被覆部熱容量",65
222,"コネクタ熱容量",67
223,"バスバ熱容量",68
224,"サーミスタ計測レンジ",64
225,"サーミスタ精度(％)",64
226,"電流制御",69
227,"定格電圧",70
228,"遮断電流",70
229,"定格電流",70
230,"溶断特性",70
231,"Fuse樹脂の耐熱温度",70
232,"Fuse Box熱容量",71
233,"FuseBoxバスバー熱容量",72
234,"SDSWの樹脂の耐熱温度",73
235,"Relayの樹脂の耐熱温度",74
236,"Fuseの樹脂の耐熱温度",70
237,"バスバーの樹脂の耐熱温度",75
238,"Harness Connectorの樹脂の耐熱温度(樹脂)",76
239,"SDSW抵抗（含む、接触/締結抵抗）",73
240,"Relay抵抗（含む、接触抵抗）",74
241,"バスバー抵抗（含む、接触/締結抵抗）",75
242,"Harness Connector抵抗（含む、接触/締結抵抗）",76
243,"Connection抵抗",77
244,"SDSW熱容量",73
245,"SDSWバスバー熱容量",78
246,"Relay熱容量",74
247,"J/B内バスバー熱容量",79
248,"MD間バスバー熱容量",80
249,"Cell間バスバー熱容量",81
250,"HV Harness Connector熱容量",76
251,"SDSW定格電流",73
252,"Relay定格電流",74
253,"バスバー定格電流",75
254,"HV Harness Connector定格電流",76
255,"SDSW熱抵抗",73
256,"Relay熱抵抗",74
257,"バスバー熱抵抗",75
258,"HV Harness Connector熱抵抗",76
259,"Harness抵抗（含む、接触/カシメ/締結抵抗）(epower)
バスバー抵抗（含む、接触/カシメ/締結抵抗）(EV)",75
260,"バスバー熱容量forNothing",75
261,"バスバー定格電流forNothing",75
262,"バスバー熱抵抗forNothing",75
263,"電流制限ロジック",82
264,"部品温度推定ロジック",82
265,"サーミスタ温度計測精度",83
266,"メッキ材",84
267,"メッキ材_強電系（接点部）",74
268,"セル内部抵抗",85
269,"比熱",85
270,"重量",85
271,"e-WP吐出量",87
272,"e-WP回転数",87
273,"Motor容量",87
274,"通路断面積",88
275,"熱交換効率",89
276,"冷媒温度",90
277,"冷媒流量",90
278,"RADサイズ",89
279,"グリル/バンパー開口面積",91
280,"走行風速",91
281,"FAN風量",92
282,"熱抵抗(冷却水⇔空気)",93
283,"BATTパック周辺風速(主に下面)",94
284,"BATTパック周辺雰囲気温度(主に下面)",94
285,"ヒータ発熱量",95
286,"吹き出し空気温度",96
287,"吹き出し空気風量",96
288,"車体から放熱（換気損失）",97
289,"吹き出し口位置、足元までの距離
ペダル、トリム類による蹴られ",98
290,"足元配風",99
291,"チラーと必要な熱交換が出来る事",62
292,"熱交換に必要な冷媒が循環出来る事",62
293,"WCDSと必要な熱交換が出来る事",100
294,"循環水量",101
295,"ヒーターコア出口空気温度",99
296,"PTCヒーター出口空気温",99
297,"ダクト、ユニットロス",99
298,"吸い込み空気温度（H/C入口空気温度）",99
299,"Blower FAN 静圧特性",99
300,"システム通気抵抗",99
301,"ヒーターコア単品放熱量",102
302,"ヒーターコア放熱量ASSY効率（車載効率）",102
303,"PTCヒーター単品放熱量",103
304,"ヒーターコア放熱量ASSY効率（車載効率）forPTCヒータ",103
305,"H/C通水抵抗",102
306,"eW/P揚程",104
307,"統合ユニット通水抵抗値",105
308,"Comp吐出能力",106
309,"EVA通路抵抗",107
310,"WCDS通路抵抗",100
311,"配管通路抵抗",108
312,"WCDS吸熱量",100
313,"Chiller吸熱量",62
314,"B/FAN Motor 出力",109
315,"HVAC通気抵抗",110
316,"ダクト通気抵抗",111
317,"VENTグリル通気抵抗",112
318,"ドラフタ通気抵抗",113
319,"ウィンドガラスからの熱吸収",98
320,"車体からの熱吸収",97
321,"風量減衰率
＝吹き出し口から顔までの距離
＝車によって変わらない
＝一定値？",98
322,"吹き出し口位置
ステアリング蹴られ率",98
323,"顔面風速",98
324,"EVA出口空気温度",99
325,"吸い込み空気温度（EVA入口空気温度）",99
326,"EVA吸熱量
単品orHVAC=>効率の項目を追加",99
327,"COND通路抵抗",116
328,"WCDS放熱量",100
329,"WCDS通水抵抗値",118
330,"LT-RAD通水抵抗値",119
331,"MTRトルクプロフィール",
332,"MTR～減速機ガタ
(D/SFTスプライン含む)",
333,"MTRトルクプロフィール",
334,"申請中",121
336,"ePT連れまわり損失(コースト時)
 Ready / IGN-ON",1
337,"コンプレッサ消費電力量",14
338,"PTCヒーター消費電力",14
339,"BATT 放電容量",1
340,"NC充電中損失(BEV)",1
341,"弱電補機消費電力量",12
342,"QC充電容量(1回あたり)",1
343,"QC回数",1
344,"BATT 放電容量",1
346,"DS出力(BATT劣化)",1
347,"DS出力プロフィール(低SOC)",1
348,"DS出力プロフィール(極低SOC)",1
349,"DS出力プロフィール(QC後)",1
350,"DS出力(低温)",1
351,"ENG最高出力　kW",24
352,"減速比(ギヤ比)",26
353,"効率",26
354,"ASA制御プロフィール",125
355,"BATT出力",18
356,"MOT出力",4
357,"MOT/INV効率",4
