1,104,
2,105,
3,106,
4,107,
5,108,
6,103,39
7,11,47
8,12,48
9,12,49
10,13,50
11,14,51
12,14,54
13,14,53
14,14,56
15,14,52
16,14,55
17,15,57
18,16,58
19,17,59
20,18,60
21,19,60
22,20,60
23,21,60
24,22,60
25,23,60
26,24,60
27,25,61
28,26,62
29,27,
30,28,
31,29,
32,30,61
33,30,62
34,32,
35,49,
36,109,
37,110,
38,111,
39,112,
40,113,
41,114,
42,115,
43,,
44,116,
45,117,
46,118,
47,119,
48,120,
49,121,
50,128,
51,122,
52,123,
53,124,
54,125,
55,126,
56,127,
57,31,
58,1,1
59,1,2
60,1,3
61,1,4
62,2,
63,2,3
64,2,5
65,3,6
66,3,7
67,4,8
68,5,9
69,6,10
70,7,11
71,8,12
72,9,
73,10,
74,10,14
75,10,22
76,10,23
77,10,24
78,10,25
79,10,26
80,10,27
81,10,28
82,10,29
83,10,30
84,10,31
85,10,32
86,10,33
87,,140
88,,160
89,70,117
90,71,119
91,72,120
92,73,120
93,74,120
94,75,121
95,76,122
96,77,123
97,77,124
98,77,125
99,78,137
100,79,138
101,80,139
102,80,140
103,81,124
104,81,141
105,81,142
106,82,125
107,82,141
108,82,142
109,83,148
110,84,
111,85,
112,86,
113,87,
114,88,
115,89,
116,90,
117,90,162
118,91,
119,92,
120,92,163
121,93,
122,94,
123,51,34
124,51,37
125,52,35
126,53,35
127,53,36
128,54,71
129,55,72
130,56,73
131,57,74
132,58,75
133,59,76
134,60,77
135,61,78
136,62,79
137,63,80
138,64,81
139,65,82
140,66,38
141,67,91
142,67,85
143,67,38
144,67,87
145,67,90
146,67,88
147,67,89
148,67,92
149,67,86
150,68,38
151,69,38
152,133,190
165,137,336
166,137,336
167,138,336
168,,336
169,139,337
170,140,338
171,140,339
172,139,340
173,140,340
174,141,
175,142,
176,11,343
177,12,343
178,143,57
179,144,344
180,144,345
181,145,346
182,146,347
183,147,348
184,148,349
185,149,350
186,150,350
187,151,351
188,24,351
190,152,344
191,152,345
192,152,352
193,153,347
194,154,348
195,155,349
196,156,350
197,156,351
