1,"圧雪20%登坂"
2,"左右スプリットμ20%登坂"
3,"深雪走行"
4,"圧雪旋回加速"
5,"圧雪高速旋回"
6,"Dry旋回加速"
7,"Wet高速ランプ合流"
8,"高速追い越し"
9,"Rr配分比"
10,"D/SFTトルク(Nm)"
11,"最高速"
12,"30%勾配登坂"
13,"縁石乗り越え"
14,"トーイング"
15,"60‐80km/h加速時間"
16,"0‐30m加速時間"
17,"0‐100km/h加速時間"
18,"50‐70km/h加速時間"
19,"dGp
90%Gmax duration"
20,"Gmax"
21,"Gjeark"
22,"tG01"
23,"t80%Gmax"
24,"車両仕様"
25,"リバース車速"
26,"ロールバック要求"
27,"DS最高出力"
28,"DS最大トルク"
29,"DSトルクカーブ"
30,"DS後進回転数"
31,"モーターウー音"
32,"異音"
33,"最高速"
34,"30%勾配登坂"
35,"縁石乗り越え"
36,"トーイング"
37,"60‐80km/h加速時間"
38,"0‐30m加速時間"
39,"0‐100km/h加速時間"
40,"50‐70km/h加速時間"
41,"dGp
90%Gmax duration"
42,"Gmax"
43,"Gjeark"
44,"tG01"
45,"t80%Gmax"
46,"車両仕様"
47,"リバース車速"
48,"ロールバック要求"
49,"振動保証基準"
50,"P/P振動強度"
51,"ガクガク
運転性評点3.5点以上
(バラつき下限3.5点以上)"
52,"ガクガク
運転性評点3.5点以上(バラつき下限3.25点以上)"
53,"Evness Responseにおいて4.0点以上"
54,"トルクリプル振動の運転性評点3.25点以上
(バラつき下限3.0点以上)"
55,"トルクリプル振動の運転性評点3.0点以上(ばらつき下限を含む)"
56,"トルクリプル振動の運転性評点3.25点以上"
57,"サージ
運転性評点3.5点以上"
58,"セレクトショック
運転性評点3.5点以上"
59,"登坂P解除時ショック
運転性評点3.0点以上"
60,"登坂P解除時ショック
運転性評点3.5点以上"
61,"登坂停車状態からブレーキOFFした際のずり下がりに対する官能評点3.5点"
62,"ブレーキ減速時の停車直前のショック
運転性評点3.5点以上"
63,"入出力制限作動時　運転性評点3.5点以上"
64,"停車中に車輪速が微小変動した際の運転性評点4.0点以"
65,"Rr駆動力配分変化時　運転性評点3.75 点以上"
66,"D/SFTトルクプロフィール"
67,"MTRトルクプロフィール"
68,"駆動捩じり系ハード特性"
69,"Rr MTRトルクプロフィール"
70,"要求されたシーンで車両が走行ができる"
71,"要求された運転/環境条件でePTで電流制限をかけない"
72,"ePT各ユニットの最弱部位の発熱量と発熱部位から冷却水への熱移動量"
73,"最大冷却水流量"
74,"冷却水と大気の熱交換量"
75,"15/30min QC Recovery Range"
76,"Repeatability
800km移動にかかる時間"
77,"15/30min蓄電エネルギ量
（電流プロファイル）"
78,"要求電流プロファイルでバッテリに伝送できること"
79,"充電ポート法規対応"
80,"Battery systemからの電力伝送を性能保証する(性能保証走行中BAT制限をかからないこと) 
BOL_一発破壊"
81,"Battery抜熱量"
82,"Battery供給熱量"
83,"室内空調で乗員を快適にする。"
84,"吹き出し空気温度"
85,"吹き出し空気風量"
86,"ヒーターコア出口空気温"
87,"PTCヒーター出口空気温"
88,"循環水量"
89,"吸い込み空気温度（H/C入口空気温度）"
90,"冷媒循環量"
91,"冷媒と水との熱交換"
92,"Blower FAN 静圧特性"
93,"空調システム通気抵抗"
94,"車体通気抵抗"
95,"⇒
乗員の顔に温度〇℃で流速△m/secの風を定常的に送れること"
97,"⇒
Cool downは必要では？"
98,"顔面雰囲気温：〇℃@3min"
99,"EVA出口空気温度"
100,"吸い込み空気温度（EVA入口空気温度）"
101,"CONDと水との熱交換"
102,"システム通気抵抗"
103,"航続距離"
104,"PTトータル平均効率"
105,"回生最大減速度"
106,"ePT回生発電損失"
107,"NC充電仕事量"
108,"外部充電中損失"
109,"P/P振動強度"
110,"FRモーターマウント振動"
111,"FRモータe-PT放射音"
112,"RRモーターマウント振動"
113,"RRモータe-PT放射音"
114,"FRモータ 8次音"
115,"RRモータ 8次音"
116,"P抜き異音"
117,"アクセルオンオフ時ガタ打ち音"
118,"リアモータガタうち音"
119,"アクセルオン時ドン音"
120,"D/Sコー音"
121,"D/S ｎ次こもり音"
122,"モーター回転n次スプライン部うなり音"
123,"冷気時ベアリング異音"
124,"減速機コトコト音"
125,"グアングアン音"
126,"モーターカッキン音"
127,"カタカタ音"
128,"ENG-D/Sビート音"
129,"D/SFTトルクプロフィール"
130,"D/SFTトルクプロフィール"
131,"D/SFTトルクプロフィール"
132,"申請中"
133,"モード燃費(e-Power)"
134,"航続距離"
135,"AC電費"
136,"Repeatability"
137,"DC電費"
138,"BATT 放電容量"
139,"走行時使用電力"
140,"外部供給電力"
141,"BATT放電容量"
142,"NC充電中損失"
143,"80‐120km/h加速時間"
144,"BATT劣化時加速性能"
145,"BATT劣化時加速性能
50-70km/h"
146,"低SOC走破性"
147,"極低SOC加速"
148,"QC後加速"
149,"低温加速性能
60-80km/h加速"
150,"低温加速性能
80-120km/h加速"
151,"低温加速性能
0-40km/h加速"
152,"DS出力(BATT劣化)"
153,"DS出力プロフィール(低SOC)"
154,"DS出力プロフィール(極低SOC)"
155,"DS出力プロフィール(QC後)"
156,"DS出力(低温)"
