1,2,1,"2WD",4,2,10,"Fr 225[Nm]",23,7,"rpm",6,"9716[rpm]",,,"29","-","-"
2,2,1,"2WD",4,2,10,"Fr 225[Nm]",23,8,,7,"12.728",,,"29","-","-"
3,2,1,"2WD",4,2,10,"Fr 225[Nm]",23,8,,8,"（燃費要求から決定）",,,"29","-","-"
4,2,1,"2WD",4,2,10,"Rr 228[Nm]",23,9,"Nm",5,"21[Nm]-10[sec]",,,"30","-","-"
5,2,1,"2WD",4,2,10,"Rr 228[Nm]",23,10,"rpm",6,"8882[rpm]",,,"30","-","-"
6,2,1,"2WD",4,2,10,"Rr 228[Nm]",23,11,,7,"11.636",,,"30","-","-"
7,2,1,"2WD",4,2,10,"Rr 228[Nm]",23,11,,8,"（燃費要求から決定）",,,"30","-","-"
8,2,1,"2WD",4,2,10,"D/SFT軸4輪合計 614[Nm]",30,5,"Nm",,,,,"33","-","-"
9,2,1,"2WD",4,2,10,"Fr 245[Nm]",31,6,"Nm",5,"20[Nm]-10[sec]",,,"34","-","-"
10,2,1,"2WD",4,2,10,"Fr 245[Nm]",31,7,"rpm",6,"8465[rpm]",,,"34","-","-"
11,2,1,"2WD",4,2,10,"Fr 245[Nm]",31,8,,7,"12.728",,,"34","-","-"
12,2,1,"2WD",4,2,10,"Fr 245[Nm]",31,8,,8,"（燃費要求から決定）",,,"34","-","-"
13,2,1,"2WD",4,2,10,"Rr 368[Nm]",31,9,"Nm",5,"33[Nm]-10[sec]",,,"35","-","-"
14,2,1,"2WD",4,2,10,"Rr 368[Nm]",31,10,"rpm",6,"7739[rpm]",,,"35","-","-"
15,2,1,"2WD",4,2,10,"Rr 368[Nm]",31,11,,7,"11.636",,,"35","-","-"
16,2,1,"2WD",4,2,10,"Rr 368[Nm]",31,11,,8,"（燃費要求から決定）",,,"35","-","-"
17,2,1,"2WD",4,2,10,"D/SFT軸4輪合計 606[Nm]",32,5,"Nm",,,,,"36","-","-"
18,2,1,"2WD",4,2,10,"Fr 293[Nm]",31,6,"Nm",5,"24[Nm]-10[sec]",,,"37","-","-"
19,2,1,"2WD",4,2,10,"Fr 293[Nm]",31,7,"rpm",6,"7894[rpm]",,,"37","-","-"
20,2,1,"2WD",4,2,10,"Fr 293[Nm]",31,8,,7,"12.728",,,"37","-","-"
21,2,1,"2WD",4,2,10,"Fr 293[Nm]",31,8,,8,"（燃費要求から決定）",,,"37","-","-"
22,2,1,"2WD",4,2,10,"Rr 313[Nm]",31,9,"Nm",5,"28[Nm]-10[sec]",,,"38","-","-"
23,2,1,"2WD",4,2,10,"Rr 313[Nm]",31,10,"rpm",6,"7217[rpm]",,,"38","-","-"
24,2,1,"2WD",4,2,10,"Rr 313[Nm]",31,11,,7,"11.636",,,"38","-","-"
25,2,1,"2WD",4,2,10,"Rr 313[Nm]",31,11,,8,"（燃費要求から決定）",,,"38","-","-"
26,2,1,"2WD",4,2,10,"D/SFT軸4輪合計 559[Nm]",33,5,"Nm",,,,,"39","-","-"
27,2,1,"2WD",4,2,10,"Fr 273[Nm]",31,6,"Nm",5,"23[Nm]-10[sec]",,,"40","-","-"
28,2,1,"2WD",4,2,10,"Fr 273[Nm]",31,7,"rpm",6,"9716[rpm]",,,"40","-","-"
29,2,1,"2WD",4,2,10,"Fr 273[Nm]",31,8,,7,"12.728",,,"40","-","-"
30,2,1,"2WD",4,2,10,"Fr 273[Nm]",31,8,,8,"（燃費要求から決定）",,,"40","-","-"
31,2,1,"2WD",4,2,10,"Rr 286[Nm]",31,9,"Nm",5,"26[Nm]-10[sec]",,,"41","-","-"
32,2,1,"2WD",4,2,10,"Rr 286[Nm]",31,10,"rpm",6,"8882[rpm]",,,"41","-","-"
33,2,1,"2WD",4,2,10,"Rr 286[Nm]",31,11,,7,"11.636",,,"41","-","-"
34,2,1,"2WD",4,2,10,"Rr 286[Nm]",31,11,,8,"（燃費要求から決定）",,,"41","-","-"
35,2,1,"2WD",4,2,10,"車両重量配分比相当のRr配分が可能なこと",,9,"Nm",9,,,,"42","-","-"
36,2,1,"2WD",3,2,112,"MTG振動レベル：

40Nm 24次
MTG BRKT先端振動≦-12dB (0dB=1μm)
LWR T/ROD BRKT先端振動　-20dB　(0dB=1μm)",,41,,65,"本体振動
モーター単体振動　H24=0.048μm　H48=0.024μm(P33B目標値)

24次接線方向振動0.095?（ステーターねじり固有値の1200Hz付近で）
48次接線方向振動0.020?（ステーターねじり固有値の1200Hz付近で）
48次面直方向振動0.1?（ステーター円環固有値6500Hz付近）",,"管理点は協議の上決める事",,,"-"
37,2,1,"2WD",1,1,103,"200km以上",39,30,"○○kJ",42,"○○kJ",,,,,"-"
38,2,1,"2WD",2,1,24,"燃費要求から決定
（トーイング以外）",60,59,"kW",94,"1247kg",,"転がり抵抗＝RRC x W[kg]×g

空気抵抗＝1/2×Cd×σ[kg/m3]×A[m2]×ｖ2[m/s]2

勾配抵抗＝W[kg]×g[9.8m/s2]×sinθ

加速抵抗＝α[m/s2]×(W[kg]＋等価慣性重量[kg])",,,"-"
39,2,1,"2WD",3,2,116,"無き事",,43,"無き事",72,"評点3.5点以上",,"System状態で発生する現象であり単体管理不可の為、寸法関連の要求あり。
使い方要求も抜け漏れ防止の為記載あり。",,,"-"
40,2,1,"2WD",1,2,108,"25kWh",,38,,60,"○○",,"BEV
AEで決まる","164",,"-"
41,2,1,"2WD",3,2,125,"無き事",,53,"無き事",83,"2軸 POS-F/Dギヤ傾き≦60μm以下",,"System状態で発生する現象であり単体管理不可の為、寸法関連の要求あり。
使い方要求も抜け漏れ防止の為記載あり。",,,"-"
42,2,1,"2WD",1,2,107,"25kWh",,38,,59,"○○",,"BEV","164",,"-"
43,2,1,"2WD",3,2,121,"実車スピンドル振動 40Nm D/SFT16次 -2dB (0dB=1?)",,48,"無き事",78,"アウタージョイントの起振力　28dB以下",,"System状態で発生する現象であり単体管理不可の為、寸法関連の要求あり。
使い方要求も抜け漏れ防止の為記載あり。",,,"-"
44,2,1,"2WD",1,2,108,"3kWh",,39,,61,"10W",,"BEV","165",,"-"
45,2,1,"2WD",2,2,27,"○○kW",,62,"kW",101,"135Nm",65,"Motor最高出力 [kW]","296,297",,"-"
46,2,1,"2WD",1,2,106,"○○kJ",,34,"0.863",50,"○○%",,,"162",,"-"
47,2,1,"2WD",1,1,103,"200km以上",39,31,"○○kJ",44,"25kWh",,"BEV",,,"-"
48,2,1,"2WD",1,1,103,"200km以上",39,28,"7441kJ",32,"2.21m^2",,,,,"-"
49,2,1,"2WD",2,1,14,"40-60mph：18.0sec以内",51,,"最大値",90,"○○Nm×sec",,"時系列データ
電流Profile(最高速)",,,"-"
50,2,1,"2WD",1,1,103,"200km以上",39,30,"○○kJ",41,"○○kJ",,,,,"-"
51,2,1,"2WD",1,2,105,"0.3G",,37,,56,,44,"回生時の最大トルク、最高出力","163",,"-"
52,2,1,"2WD",3,2,117,"無き事",,44,"無き事",73,"評点3.5点以上
ＦＤケース左右ケース振動　26dB以下　(0ｄＢ=１m/s^2)
モーターガタ詰めトルク≦8Nm 減速機エンドプレー≦0.1８㎜",,"System状態で発生する現象であり単体管理不可の為、寸法関連の要求あり。
使い方要求も抜け漏れ防止の為記載あり。",,,"-"
53,2,1,"2WD",1,1,103,"200km以上",39,31,"○○kJ",45,"3kWh",,"BEV",,,"-"
54,2,1,"2WD",2,2,30,"○○rpm",61,71,"○○",118,"○○rpm",61,,"327",,"-"
55,2,1,"2WD",1,1,103,"200km以上",39,30,"○○kJ",43,"0.3G",,,,,"-"
56,2,1,"2WD",1,2,104,"○○％",,34,"0.869",50,"○○%",,,"166",,"-"
57,2,1,"2WD",1,1,103,"200km以上",39,28,"7441kJ",30,"1237kg",,,,,"-"
58,2,1,"2WD",2,1,17,"≦15sec",59,,,91,"○○Nm×sec",,,,,"-"
59,2,1,"2WD",1,2,104,"○○％",,33,,49,"%",41,"e-power","166",,"-"
60,2,1,"2WD",2,2,30,"○○rpm",61,70,"○○rpm",118,"○○rpm",61,,"327",,"-"
61,2,1,"2WD",2,2,27,"○○kW",,64,"kW",109,"rpm",,"e-power
MOT前提条件","296,297",,"-"
62,2,1,"2WD",2,2,29,"○○Nm×sec",,69,"○○",117,"12.728",,"FR-RR　周波数離間率　4%以上
FR：9.328の場合
RR：9.701以上、もしくは8.955以下","220,221,222,223",,"-"
63,2,1,"2WD",3,2,123,"無き事",,51,"無き事",81,"グリスちょう度をB12P同等にする",,"System状態で発生する現象であり単体管理不可の為、寸法関連の要求あり。
使い方要求も抜け漏れ防止の為記載あり。",,,"-"
64,2,1,"2WD",3,2,124,"無き事",,52,"無き事",82,"減速機エンドプレー≦0.18mm",,"System状態で発生する現象であり単体管理不可の為、寸法関連の要求あり。
使い方要求も抜け漏れ防止の為記載あり。",,,"-"
65,2,1,"2WD",2,2,28,"○○Nm",,68,"○○Nm",116,"○○Nm×sec",70,"時系列データ",,,"-"
66,2,1,"2WD",3,2,127,"無き事",,55,"無き事",85,"ラジアルガタ 0.019mm以下",,"System状態で発生する現象であり単体管理不可の為、寸法関連の要求あり。
使い方要求も抜け漏れ防止の為記載あり。",,,"-"
67,2,1,"2WD",2,2,27,"○○kW",,64,"kW",108,"rpm",,"e-power","296,297",,"-"
68,2,1,"2WD",2,1,16,"≦4.2sec",58,,,91,"○○Nm×sec",,,,,"-"
69,2,1,"2WD",3,2,128,"無き事",,49,"無き事",79,"ENG次数、D/SFT次数、基点ユニットと同等固有値。
※ENG気筒数、ギア比、D/SFTベアリングボール素によって数値は変化する為、System検討実施の上数値更新",,"System状態で発生する現象であり単体管理不可の為、寸法関連の要求あり。
使い方要求も抜け漏れ防止の為記載あり。",,,"-"
70,2,1,"2WD",1,2,104,"○○％",,34,"0.869",51,"○○%",42,,"166",,"-"
71,2,1,"2WD",2,1,18,"〇〇sec",60,,,91,"○○Nm×sec",,,,,"-"
72,2,1,"2WD",6,1,58,"ショック
Gpp1≦0.03G
(max Gpp)
Gpp2≦0.015G
(2nd max Gpp)
ラグ
tGp≦1.0sec
※9Hz LPF",75,75,"ー",21,"D/SFTトルクpp値:40Nm以下※両軸",38,"ー",,,"-"
73,2,1,"2WD",6,1,54,"Gpp ≦ 0.012[G]
※LPF20Hz
(バラつき下限Gpp ≦ 0.016[G])",71,72,"ー",120,"※F-4と同じ",38,"ー",,,"-"
74,2,1,"2WD",2,2,27,"○○kW",,67,"○○kWh",115,"○○kWh",43,"e-power
DS最高出力で決まるBatteryからのAssist量","296,297",,"-"
75,2,1,"2WD",3,1,32,,,22,,20,,,,,,"-"
76,2,1,"2WD",3,2,112,,,42,,68,"<マウント取り付け点剛性>
XC2C同等以上(LH,RH,FR,それぞれ上下，前後，左右)",46,,,,"-"
77,2,1,"2WD",2,2,27,"○○kW",,62,"kW",102,"31kW",65,"Motor最高出力 [kW]","296,297",,"-"
78,2,1,"2WD",6,1,51,"Gpp ≦ 0.03[G]
※LPF20Hz
(バラつき下限
Gpp ≦ 0.03[G])",34,23,"ー",24,"(MBSE#2 Ref.)
4WD Fr：12.728
4WD Rr：11.136",38,"※F-4",,,"-"
79,2,1,"2WD",3,2,110,"MTG振動レベル(先端二乗和)：

40Nm 24次
MTG BRKT先端振動≦-12dB (0dB=1μm)
LWR T/ROD BRKT先端振動　-20dB　(0dB=1μm)",,41,,64,"本体振動
モーター単体振動　H24=0.048μm　H48=0.024μm(P33B目標値)

24次接線方向振動0.095?（ステーターねじり固有値の1200Hz付近で）
48次接線方向振動0.020?（ステーターねじり固有値の1200Hz付近で）
48次面直方向振動0.1?（ステーター円環固有値6500Hz付近）",,"管理点は協議の上決める事",,,"-"
80,2,1,"2WD",2,2,27,"○○kW",,65,"kW",112,"kW-rpm",69,"e-power
MOT前提条件","296,297",,"-"
81,2,1,"2WD",1,1,103,"200km以上",39,28,"7441kJ",31,"0.409",,,,,"-"
82,2,1,"2WD",1,1,103,"200km以上",39,28,"7441kJ",36,"○○Nm",,,,,"-"
83,2,1,"2WD",1,2,106,"○○kJ",,34,"0.863",51,"○○%",42,,"162",,"-"
84,2,1,"2WD",3,2,120,"P/P固有値-S/BRKT固有値離間率 30%以上",,47,"無き事",77,"P/P, S/BRKTともに、基点ユニットと同等固有値。
※ユニット形状、システムによって数値は変化する為、System検討実施の上数値更新",,"System状態で発生する現象であり単体管理不可の為、寸法関連の要求あり。
使い方要求も抜け漏れ防止の為記載あり。",,,"-"
85,2,1,"2WD",6,2,66,"D/SFTトルクpp値:10Nm以下※両軸",38,83,"ー",126,"1.052deg±0.412deg以下
※D/SFT軸上",38,"ー","?","?","-"
86,2,1,"2WD",2,1,24,"燃費要求から決定
（トーイング以外）",60,59,"kW",31,"○○",,"転がり抵抗＝RRC x W[kg]×g

空気抵抗＝1/2×Cd×σ[kg/m3]×A[m2]×ｖ2[m/s]2

勾配抵抗＝W[kg]×g[9.8m/s2]×sinθ

加速抵抗＝α[m/s2]×(W[kg]＋等価慣性重量[kg])",,,"-"
87,2,1,"2WD",3,2,31,"無き事",,56,"無き事",87,"真円度：0.009mm以下",,"System状態で発生する現象であり単体管理不可の為、寸法関連の要求あり。
使い方要求も抜け漏れ防止の為記載あり。",,,"-"
88,2,1,"2WD",2,2,27,"○○kW",,63,"V",106,"○○kW×sec",43,"Batt容量はBEVは電費、e-Powerは動力で決まる
電流Profile(最高速)","296,297",,"-"
89,2,1,"2WD",6,1,60,"Gpp≦0.08G
※w/o LPF",77,76,"ー",122,"AutoHold-ON時、Pセレクトと連動してePKBが作動すること",38,"ー",,,"-"
90,2,1,"2WD",3,2,109,"振動応力40MPa以下
(粗メッシュ：振動応力≦20MPa)",,40,,63,"＞310Hz",,,"262",,"-"
91,2,1,"2WD",3,2,,,,41,,66,,45,,,,"-"
92,2,1,"2WD",1,2,106,"○○kJ",,36,,54,"0.98",43,"回生","162",,"-"
93,2,1,"2WD",6,1,52,"Gpp ≦ 0.05[G]
※LPF20Hz",35,25,"ー",29,"※F-5と同じ",38,"ー",,,"-"
94,2,1,"2WD",6,1,53,"0.15≦tG01≦0.25 [sec]
※LPF9Hz
(VPT目標:0.17[sec])
(仮)",35,26,"ー",21,"ー",38,"ー",,,"-"
95,2,1,"2WD",2,1,14,"0-30mph：12.0sec以内",51,,"最大値",90,"○○Nm×sec",,"時系列データ
電流Profile(最高速)",,,"-"
96,2,1,"2WD",2,2,27,"○○kW",,64,"kW",111,"kW",,"e-power
DB:L名変更しました","296,297",,"-"
97,2,1,"2WD",2,1,26,"○○km/h",62,61,,100,"○○rpm",62,,,,"-"
98,2,1,"2WD",2,1,14,"0-60mph：30.0sec以内",51,,"最大値",90,"○○Nm×sec",,"時系列データ
電流Profile(最高速)",,,"-"
99,2,1,"2WD",1,1,103,"200km以上",39,31,"○○kJ",46,"○○％",,,,,"-"
100,2,1,"2WD",2,1,24,"燃費要求から決定
（トーイング以外）",60,60,"kW",38,"○○%",,,,,"-"
101,2,1,"2WD",1,2,104,"○○％",,33,,48,"%",,"e-power","166",,"-"
102,2,1,"2WD",3,2,115,,,41,,65,"モータ管理点振動レベル(8次）

モーター径方向振動≦0.23μm",,"管理点は協議の上決める事",,,"-"
103,2,1,"2WD",1,1,103,"200km以上",39,29,"○○kJ",39,"0W",,,,,"-"
104,2,1,"2WD",6,1,57,"Gpp ≦ 0.023[G]
※9Hz LPF
(Conv流用指標のため)",74,25,"ー",29,"※F-5と同じ",38,"ー",,,"-"
105,2,1,"2WD",1,2,104,"○○％",,35,"0.868",53,"○○%",42,,"166",,"-"
106,2,1,"2WD",6,2,66,"TBD",38,82,"ー",123,"ー",38,"ー","417",,"-"
107,2,1,"2WD",6,2,66,"D/SFTトルクpp値:10Nm以下※両軸",38,83,"ー",132,"※F-3と同じ",84,"ー","?","?","-"
108,2,1,"2WD",2,1,13,"10cm高さの縁石乗り越え可能なこと",50,,"最大値",90,"○○Nm×sec",,"時系列データ
電流Profile(最高速)",,,"-"
109,2,1,"2WD",6,1,59,"Gpp≦0.18G
※w/o LPF",76,25,"ー",29,"※F-5と同じ",38,"ー",,,"-"
110,2,1,"2WD",6,1,57,"Gpp ≦ 0.023[G]
※9Hz LPF
(Conv流用指標のため)",74,74,"ー",21,"D/SFTトルクpp値:20Nm以下※両軸",38,"ー",,,"-"
111,2,1,"2WD",2,1,11,"4WD:130km/h",47,57,"最大値",89,"○○kW",,"駆動力(P)＝
モータトルク(Tm)×ギヤ比×伝達効率÷タイヤの動荷重半径",,,"-"
112,2,1,"2WD",6,2,66,"D/SFTトルクpp値:10Nm以下※両軸",38,83,"ー",128,"±0.3Nm以下
※MTR端",38,"ー","?","?","-"
113,2,1,"2WD",2,1,24,"燃費要求から決定
（トーイング以外）",60,59,"kW",95,"タイヤ径:0.271 m
μ:0.0692 N/kg",,"転がり抵抗＝RRC x W[kg]×g

空気抵抗＝1/2×Cd×σ[kg/m3]×A[m2]×ｖ2[m/s]2

勾配抵抗＝W[kg]×g[9.8m/s2]×sinθ

加速抵抗＝α[m/s2]×(W[kg]＋等価慣性重量[kg])",,,"-"
114,2,1,"2WD",1,1,103,"200km以上",39,28,"7441kJ",34,"1.75Nm/Veh",,,,,"-"
115,2,1,"2WD",2,2,29,"○○Nm×sec",,69,"○○",117,"11.136",,"FR-RR　周波数離間率　4%以上
FR：9.328の場合
RR：9.701以上、もしくは8.955以下","220,221,222,223",,"-"
116,2,1,"2WD",6,1,56,"Gpp ≦ 0.012[G]
※LPF20Hz",73,73,"ー",21,"D/SFTトルクpp値:14Nm以下※両軸",38,"ー",,,"-"
117,2,1,"2WD",2,1,12,"ヒルホールドできること",48,,"最大値",90,"○○Nm×sec",63,"時系列データ
電流Profile(最高速)",,,"-"
118,2,1,"2WD",2,2,30,"○○rpm",62,71,"○○",118,"○○rpm",62,,"328",,"-"
119,2,1,"2WD",6,3,67,"ー",91,105,"ー",161,"0~7％:300Nm/s(仮)
7~9％:400Nm/s(仮)",38,"ーDB:Lに存在しなかったシーン発生！！！！",,,"-"
120,2,1,"2WD",2,1,14,"最大トレーラー重量　㎏",54,,"最大値",90,"○○Nm",,"時系列データ
電流Profile(最高速)",,,"-"
121,2,1,"2WD",6,1,52,"Gpp ≦ 0.05[G]
※LPF20Hz",35,23,"ー",119,"1次遅れフィルタ時定数 0.04sec　(仮)
(0km/h, APO=1.0)",38,"ー",,,"-"
122,2,1,"2WD",2,1,24,"燃費要求から決定
（トーイング以外）",60,60,"kW",98,"○○kW",,,,,"-"
123,2,1,"2WD",6,2,66,"D/SFTトルクpp値:6Nm以下
※両軸",38,82,"ー",134,"ー",38,"ー","420",,"-"
124,2,1,"2WD",6,1,52,"Gpp ≦ 0.05[G]
※LPF20Hz",35,23,"ー",119,"D/SFTトルクレート
(駆動トルク3段折れレートリミット制御）14787Nm/s (仮)",38,"DB:L名変更しましたUgh",,,"-"
125,2,1,"2WD",2,1,25,"○○km/h",61,61,,100,"○○rpm",61,,,,"-"
126,2,1,"2WD",1,1,103,"200km以上",39,29,"○○kJ",37,"227W",,,,,"-"
127,2,1,"2WD",6,2,66,"D/SFTトルクpp値:10Nm以下※両軸",38,83,"ー",131,"(Given)TBD
※想定されるラインアップ軸径では影響微小",38,"ー","?","?","-"
128,2,1,"2WD",6,2,66,"ー",38,82,"ー",123,"A.全開発進
tTg01 ≦ 0.2 [sec]
(0.1G発生に必要なトルクを発生するまでの時間)
※0.1G発生するのに必要なトルク:Tg01=70Nm",38,"ー","?","?","-"
129,2,1,"2WD",6,1,51,"Gpp ≦ 0.03[G]
※LPF20Hz
(バラつき下限
Gpp ≦ 0.03[G])",34,23,"ー",22,"(given)
ホイールIP 0.19 kgm^2
タイヤIP　　0.49 kgm^2
Total 0.68 kgm^2",38,"車両特性",,,"-"
130,2,1,"2WD",6,1,51,"Gpp ≦ 0.03[G]
※LPF20Hz
(バラつき下限
Gpp ≦ 0.03[G])",37,27,"ー",21,"D/SFTトルクpp値:10Nm以下※両軸",38,"ー",,,"-"
131,2,1,"2WD",2,2,27,"○○kW",,62,"kW",104,"○○rpm",66,,"296,297",,"-"
132,2,1,"2WD",3,2,119,"無き事
各モーターMTG変位
線形域内
RH/LHの前後は10㎜
LWR前後は10㎜以上",,46,"無き事",76,"室内音　90ｄＢ以下（0ｄＢ=2*10^-5 Pa)
0Nm通過時 D/SFTトルクレート≦5700Nm/sec
0km/h　発進13500Nm/S以下",,"System状態で発生する現象であり単体管理不可の為、寸法関連の要求あり。
使い方要求も抜け漏れ防止の為記載あり。",,,"-"
133,2,1,"2WD",2,1,12,"10sec以内に10m上れること",49,,"最大値",90,"○○Nm×sec",64,"時系列データ
電流Profile(最高速)",,,"-"
150,2,1,"2WD",3,2,113,"ePT台上放射音目標レベル:",,41,,65,,,"管理点は協議の上決める事",,,"-"
151,2,1,"2WD",2,1,20,"0.38G",60,,,92,"1715Nm",,,,,"-"
152,2,1,"2WD",2,1,14,"発進可能であること(前進・後進)",53,,"最大値",90,"○○Nm",,"時系列データ
電流Profile(最高速)",,,"-"
153,2,1,"2WD",3,2,122,"無き事",,50,"無き事",80,"与圧バネ荷重140N以上",,"System状態で発生する現象であり単体管理不可の為、寸法関連の要求あり。
使い方要求も抜け漏れ防止の為記載あり。",,,"-"
154,2,1,"2WD",3,2,119,"無き事
各モーターMTG変位
線形域内
RH/LHの前後は10㎜
LWR前後は10㎜以上",,46,"無き事",73,"室内音　90ｄＢ以下（0ｄＢ=2*10^-5 Pa)
0Nm通過時 D/SFTトルクレート≦5700Nm/sec
0km/h　発進13500Nm/S以下",,"System状態で発生する現象であり単体管理不可の為、寸法関連の要求あり。
使い方要求も抜け漏れ防止の為記載あり。",,,"-"
155,2,1,"2WD",5,1,70,"駆動力‐時間要求",117,59,"N",96,"Brake 1.7 Nm
Hub 2.1 Nm",,"前提条件
車両燃費性能計画から）",,,"-"
156,2,1,"2WD",2,1,24,"燃費要求から決定
（トーイング以外）",60,59,"kW",97,"㎏",,"転がり抵抗＝RRC x W[kg]×g

空気抵抗＝1/2×Cd×σ[kg/m3]×A[m2]×ｖ2[m/s]2

勾配抵抗＝W[kg]×g[9.8m/s2]×sinθ

加速抵抗＝α[m/s2]×(W[kg]＋等価慣性重量[kg])",,,"-"
157,2,1,"2WD",6,1,59,"Gpp≦0.18G
※w/o LPF",76,76,"ー",21,"D/SFTトルクpp値:180Nm以下※両軸",38,"ー",,,"-"
158,2,1,"2WD",6,3,67,"ー",85,95,"ー",149,"トルクリプル補償前振幅
:片振幅10.0Nm以下
(24,48,72,96次次数の算術和　Overall)",108,"ー","438",,"-"
159,2,1,"2WD",5,1,70,"駆動力‐時間要求",117,59,"N",31,"0.321",,"前提条件
車両燃費性能計画から）",,,"-"
160,2,1,"2WD",6,3,67,"全開発進
tTg01 ≦ 0.055sec
(0.1G発生に必要なトルクを発生するまでの時間)
※0.1G発生するのに必要なトルク:Tg01=70Nm",38,88,"ー",144,"トルク応答時定数(トルク発生から目標トルクの63.3%に到達するまでの時間)
:2ms+6ms",100,"DB::なんでAとBけした！！！！",,,"-"
161,2,1,"2WD",6,2,66,"D/SFTトルクpp値:40Nm以下※両軸",38,83,"ー",132,"※F-3と同じ",84,"ー","410",,"-"
162,2,1,"2WD",2,2,27,"○○kW",,63,"V",105,"○○",,"企画で決まる","296,297",,"-"
163,2,1,"2WD",6,2,66,"D/SFTトルクpp値:10Nm以下※両軸",38,83,"ー",129,"(Given)
Rr:0.031kg・m^2",38,"ー","?","?","-"
164,2,1,"2WD",6,2,66,"D/SFTトルクpp値:14Nm以下※両軸",38,83,"ー",132,"※F-3と同じ",84,"ー","405",,"-"
165,2,1,"2WD",6,3,67,"ー",38,92,"ー",147,"実回転数に対するフィルタ後の回転数変動幅:11rpm以下",105,"ー","?","?","-"
166,2,1,"2WD",6,3,67,"ー",87,85,"ー",137,"制振F/Bゲイン:0.4以上(B12P同等)
※机上検討でゲイン余裕12dBを満足するF/Bゲイン。",94,"DB:FとLがつながってる！！！！",,,"-"
167,2,1,"2WD",3,2,114,,,41,,64,"モータ管理点振動レベル(8次）

モーター径方向振動≦0.23μm",,"管理点は協議の上決める事",,,"-"
168,2,1,"2WD",5,2,71,"ePT(MOT,INV. Batt)各部品許容温度以下",119,113,,170,,120,"各ユニットで決まった材料特性を前提とする
Motorコイル
Inverter素子
Batteryセル","501",,"-"
169,2,1,"2WD",3,2,126,"無き事",,54,"無き事",84,"ローターコアのローターシャフトへの勘合構造から滑り無し",,"System状態で発生する現象であり単体管理不可の為、寸法関連の要求あり。
使い方要求も抜け漏れ防止の為記載あり。",,,"-"
170,2,1,"2WD",6,2,66,"D/SFTトルクpp値:10Nm以下※両軸",38,83,"ー",127,"(Given)
0.38Nm※MTR端 (仮)",38,"ー","?","?","-"
171,2,1,"2WD",2,1,15,"○○sec",57,,,91,"○○Nm×sec",,,,,"-"
172,2,1,"2WD",6,3,68,"ー",38,87,"ー",139,"±0.3Nm以下
※MTR端",97,"DB:FとLがつながってる！！！！",,,"-"
173,2,1,"2WD",5,1,70,"駆動力‐時間要求",117,59,"N",30,"1254 kg",,"前提条件
車両燃費性能計画から）",,,"-"
174,2,1,"2WD",6,3,67,"ー",87,84,"ー",135,"モータトルク目-実精度:±1.0Nm以下
(B12P同等、フリクション補償込)",93,"DB:FとLがつながってる！！！！",,,"-"
175,2,1,"2WD",2,1,21,"○○G/sec",60,,,92,"1715Nm",,,,,"-"
176,2,1,"2WD",6,2,66,"D/SFTトルクpp値:40Nm以下※両軸",38,82,"ー",123,"ー",38,"ー","410",,"-"
177,2,1,"2WD",2,2,27,"○○kW",,64,"kW",107,"Nm",67,"e-power","296,297",,"-"
178,2,1,"2WD",6,3,67,"ー",91,102,"ー",158,"勾配4.5%以上でカット禁止",38,"ーDB:Lに存在しなかったシーン発生！！！！",,,"-"
179,2,1,"2WD",6,2,66,"D/SFTトルクpp値:180Nm以下※両軸",38,82,"ー",123,"ー",38,"ー","413",,"-"
180,2,1,"2WD",6,1,53,"TBD≦tG01≦TBD",36,26,"ー",21,"ー",38,"ー",,,"-"
181,2,1,"2WD",2,2,27,"○○kW",,63,"V",60,"○○",,"AEで決まる","296,297",,"-"
182,2,1,"2WD",6,2,66,"ー",38,82,"ー",123,"B.全開再加速
tTg01 ≦ TBD [sec]",38,"ー","?","?","-"
183,2,1,"2WD",2,1,23,"○○sec",60,58,,93,"6628Nm/sec",,"e-power",,,"-"
184,2,1,"2WD",3,2,110,,,42,,67,"＜ポジションギヤノイズ＞
減速機開発台上振動　POSギヤノイズ評価点上下振動片振幅
21次　
80Nm 振動≦0.08μm（ただし、1.3k-1.8kHzで振動≦0.12μm）
-40Nm 振動≦0.08μm（ただし、1.3-1.8kHzで振動≦0.17μｍ）",46,"管理点は協議の上決める事",,,"-"
185,2,1,"2WD",6,1,65,"Gpp≦0.015G
※w/o LPF",82,81,"ー",21,"D/SFTトルクpp値:10Nm以下※両軸",38,"ー",,,"-"
186,2,1,"2WD",6,3,68,"ー",38,87,"ー",127,"(Given)
0.76Nm @XC2C値仮置き",97,"DB:FとLがつながってる！！！！",,,"-"
187,2,1,"2WD",5,3,72,"W",120,118,"W/m^2 x K",177,,,"DB:507だがシステムのL二つがくっついている！！！！","508",,"-"
262,2,1,"2WD",6,2,66,"TBD",38,82,"ー",133,"ー",38,"DB:L変更なんでBat","417",,"-"
263,2,1,"2WD",2,2,27,"○○kW",,62,"kW",103,"16196rpm",,"MOT前提条件","296,297",,"-"
264,2,1,"2WD",6,1,63,"Gjerk(絶対値)≦0.03G/s

※PZ1A SDSW課題で現地商品性、UE2、XTLで決めた車両目標。",80,79,"ー",21,"TBD",83,"ー",,,"-"
265,2,1,"2WD",6,1,57,"Gpp ≦ 0.023[G]
※9Hz LPF
(Conv流用指標のため)",74,74,"ー",120,"※F-4と同じ",38,"ー",,,"-"
266,2,1,"2WD",6,1,51,"Gpp ≦ 0.03[G]
※LPF20Hz
(バラつき下限
Gpp ≦ 0.03[G])",34,23,"ー",24,"(MBSE#2 Ref.)
2WD Rr：12.728",38,"※F-4",,,"-"
267,2,1,"2WD",6,2,66,"D/SFTトルクpp値:10Nm以下※両軸",38,83,"ー",124,"(Given)
フロント(左右合計)：164.7Nm/deg
リヤ(左右合計)：135.1Nm/deg",38,"ー","?","?","-"
268,2,1,"2WD",6,3,67,"ー",90,89,"ー",145,"※F-1と同じ",102,"ーDB:Lに存在しなかったシーン発生！！！！",,,"-"
269,2,1,"2WD",1,2,104,"○○％",,36,,54,"○○%",42,"e-Power
発電","166",,"-"
270,2,1,"2WD",5,3,72,"W",120,118,"W/m^2 x K",175,"ｖ＝m/sec/m^2",,"DB:507だがシステムのL二つがくっついている！！！！","508",,"-"
271,2,1,"2WD",6,1,51,"Gpp ≦ 0.03[G]
※LPF20Hz
(バラつき下限
Gpp ≦ 0.03[G])",34,24,"ー",26,"最大トルクでも非線形域に突入しないこと",38,"MTRマウント特性",,,"-"
272,2,1,"2WD",2,1,14,"5分間で5回繰り返し発進可能なこと",56,,"最大値",90,"○○Nm×sec",,"時系列データ
電流Profile(最高速)",,,"-"
273,2,1,"2WD",6,3,67,"ー",87,84,"ー",136,"ガタ詰めトルク設定値:3Nm
(B12P同等)",38,"DB:L修正要求値にようきゅうかくな！！！！DB:FとLがつながってる！！！！",,,"-"
274,2,1,"2WD",5,1,70,"駆動力‐時間要求",117,1,"N",167,"最大トルク
最高出力",118,"前提条件
(車両動力性能計画から)",,,"-"
275,2,1,"2WD",2,1,14,"5分以内で、発進~5m進んで停止を5回繰り返す(前進・後進)",52,,"最大値",90,"○○Nm×sec",,"時系列データ
電流Profile(最高速)",,,"-"
276,2,1,"2WD",2,1,14,"最低車速：40mph以上",55,,"最大値",90,"○○Nm",,"時系列データ
電流Profile(最高速)",,,"-"
277,2,1,"2WD",1,2,104,,,32,,47,"%",,"e-power","166",,"-"
278,2,1,"2WD",6,2,66,"D/SFTトルクpp値:180Nm以下※両軸",38,83,"ー",132,"※F-3と同じ",84,"ー","413",,"-"
279,2,1,"2WD",3,2,112,,,42,,88,"動剛性、重量、固有値
Xc2C同等以上(LH,RH,FR,それぞれ上下，前後，左右)",,,,,"-"
280,2,1,"2WD",1,2,107,"25kWh",,38,,58,"22kWh",43,"BEV
AEと企画で決まる","164",,"-"
281,2,1,"2WD",6,2,66,"D/SFTトルクpp値:14Nm以下※両軸",38,82,"ー",123,"ー",86,"ー","405",,"-"
282,2,1,"2WD",1,2,106,"○○kJ",,35,"0.871",52,"○○%",,,"162",,"-"
283,2,1,"2WD",6,2,66,"D/SFTトルクpp値:10Nm以下※両軸",38,83,"ー",130,"(Given)
Fr:0.000827kg・m^2",38,"ー","?","?","-"
284,2,1,"2WD",6,3,67,"ー",91,104,"ー",160,"0~7％:56Nm
7~9％:73Nm",38,"ーDB:Lに存在しなかったシーン発生！！！！",,,"-"
285,2,1,"2WD",3,2,118,"無き事",,45,"無き事",75,"評点3.5以上",,"System状態で発生する現象であり単体管理不可の為、寸法関連の要求あり。
使い方要求も抜け漏れ防止の為記載あり。",,,"-"
286,2,1,"2WD",6,2,66,"D/SFTトルクpp値:6Nm以下
※両軸",38,82,"ー",123,"ー",38,"ー","420",,"-"
287,2,1,"2WD",6,3,68,"ー",38,87,"ー",,,,,,,"-"
288,2,1,"2WD",6,1,59,"Gpp≦0.18G
※w/o LPF",76,76,"ー",120,"※F-4と同じ",38,"ー",,,"-"
289,2,1,"2WD",5,3,72,"W",120,118,"W/m^2 x K",176,,,"DB:507だがシステムのL二つがくっついている！！！！","508",,"-"
290,2,1,"2WD",6,3,67,"ー",88,90,"ー",146,"※F-2と同じ",103,"DB:Lに存在しなかったシーン発生！！！！",,,"-"
291,2,1,"2WD",1,1,103,"200km以上",39,28,"7441kJ",35,"2Nm/Veh",,,,,"-"
292,2,1,"2WD",2,2,30,"○○rpm",62,70,"○○rpm",118,"○○rpm",62,,"328",,"-"
293,2,1,"2WD",2,1,19,"○○sec",60,,,92,"1715Nm",,,,,"-"
294,2,1,"2WD",5,1,70,"駆動力‐時間要求",117,111,"W",168,"ePT(MOT,INV. Batt)各部品許容温度以下",119,,,,"-"
295,2,1,"2WD",6,2,66,"D/SFTトルクpp値:10Nm以下※両軸",38,83,"ー",130,"(Given)
Fr:0.000556kg・m^2",38,"ー","?","?","-"
296,2,1,"2WD",6,3,67,"ー",90,93,"ー",156,"シフト信号(P,N,other,unavailable)をINVに送信すること",38,"ーDB:Lに存在しなかったシーン発生！！！！",,,"-"
297,2,1,"2WD",6,2,66,"D/SFTトルクpp値:20Nm以下※両軸",38,82,"ー",123,"ー",38,"ー","?","?","-"
298,2,1,"2WD",3,2,110,,,42,,67,"<ファイナルギヤノイズ>
減速機開発台上振動　F/Dギヤノイズ評価点上下振動片振幅
8.217次　
80Nm 振動≦0.23μm（ただし、750-1kHzで振動≦0.33μm）
-40Nm 振動≦0.23μm",46,"管理点は協議の上決める事",,,"-"
299,2,1,"2WD",6,3,67,"ー",89,84,"ー",135,"モータトルク目-実精度:±1.0Nm以下
(B12P同等、フリクション補償込)",93,"DB:Lに存在しなかったシーン発生！！！！",,,"-"
300,2,1,"2WD",1,1,103,"200km以上",39,28,"7441kJ",33,"7.2",40,,,,"-"
301,2,1,"2WD",2,1,24,"燃費要求から決定
（トーイング以外）",60,59,"kW",96,"○○kW",,"転がり抵抗＝RRC x W[kg]×g

空気抵抗＝1/2×Cd×σ[kg/m3]×A[m2]×ｖ2[m/s]2

勾配抵抗＝W[kg]×g[9.8m/s2]×sinθ

加速抵抗＝α[m/s2]×(W[kg]＋等価慣性重量[kg])",,,"-"
302,2,1,"2WD",2,1,11,"2WD:130km/h",47,57,"最大値",89,"○○kW",,"時系列データ
電流Profile(最高速)",,,"-"
303,2,1,"2WD",6,1,57,"Gpp ≦ 0.023[G]
※9Hz LPF
(Conv流用指標のため)",74,74,"ー",121,"タイヤユニフォーミティ(TFV)
:130N以下",38,"ー",,,"-"
304,2,1,"2WD",6,1,62,"Gpp≦0.022G
(w/o LPF)",79,78,"ー",21,"D/SFTトルクpp値:20Nm以下※両軸",38,"ー",,,"-"
305,2,1,"2WD",6,1,51,"Gpp ≦ 0.03[G]
※LPF20Hz
(バラつき下限
Gpp ≦ 0.03[G])",34,24,"ー",27,"ねじり固有値と2Hz以内に近接しないこと",38,"※F-5",,,"-"
306,2,1,"2WD",6,2,66,"D/SFTトルクpp値:10Nm以下※両軸",38,83,"ー",129,"(Given)
Fr:0.011045kg・m^2",38,"ー","?","?","-"
307,2,1,"2WD",6,3,67,"ー",91,103,"ー",159,"勾配4.5%以上でクリープ復帰",38,"ーDB:Lに存在しなかったシーン発生！！！！",,,"-"
308,2,1,"2WD",6,3,67,"ー",87,86,"ー",138,"3%以上",38,"DB:FとLがつながってる！！！！",,,"-"
309,2,1,"2WD",6,1,64,"Gpp≦0.01G
※w/o LPF",81,80,"ー",21,"D/SFTトルクpp値:6Nm以下
※両軸",38,"ー",,,"-"
310,2,1,"2WD",2,1,24,"燃費要求から決定
（トーイング以外）",60,60,"kW",99,"○○kW",,"A/C消費電力（A/C、ブロアファン、モータファン、コンプレッサ含む）",,,"-"
311,2,1,"2WD",6,1,58,"ショック
Gpp1≦0.03G
(max Gpp)
Gpp2≦0.015G
(2nd max Gpp)
ラグ
tGp≦1.0sec
※9Hz LPF",75,75,"ー",120,"※F-4と同じ",38,"ー",,,"-"
312,2,1,"2WD",6,2,66,"D/SFTトルクpp値:14Nm以下※両軸",38,82,"ー",123,"ー",38,"ー","405",,"-"
313,2,1,"2WD",5,3,72,"W",120,117,,174,"㎡K/W",,"DB:507だがシステムのL二つがくっついている！！！！","507",,"-"
314,2,1,"2WD",3,2,127,"無き事",,55,"無き事",86,"単層バネ(ウェーブワッシャ、皿ばね等)
ベアリング与圧 454.7~756.7N",,"System状態で発生する現象であり単体管理不可の為、寸法関連の要求あり。
使い方要求も抜け漏れ防止の為記載あり。",,,"-"
315,2,1,"2WD",3,2,110,,,42,,67,"<ギヤ共通>
マウント取り付け点剛性
XC2C同等以上(LH,RH,FR,それぞれ上下，前後，左右)",46,,,,"-"
316,2,1,"2WD",1,2,106,"○○kJ",,35,"0.871",53,"○○%",42,,"162",,"-"
317,2,1,"2WD",1,2,104,"○○％",,35,"0.868",52,"○○%",,,"166",,"-"
318,2,1,"2WD",3,2,112,,,42,,68,"<ファイナルギヤノイズ>
減速機開発台上振動　F/Dギヤノイズ評価点上下振動片振幅
8.217次　
80Nm 振動≦0.23μm（ただし、750-1kHzで振動≦0.33μm）
-40Nm 振動≦0.23μm",46,"管理点は協議の上決める事",,,"-"
319,2,1,"2WD",3,2,112,,,42,,68,"＜ポジションギヤノイズ＞
減速機開発台上振動　POSギヤノイズ評価点上下振動片振幅
21次　
80Nm 振動≦0.08μm（ただし、1.3k-1.8kHzで振動≦0.12μm）
-40Nm 振動≦0.08μm（ただし、1.3-1.8kHzで振動≦0.17μｍ）",46,"管理点は協議の上決める事",,,"-"
320,2,1,"2WD",6,3,67,"ー",85,96,"ー",151,"車速2km/h以下において、Frモータートルク72.5Nm以上となる駆動力配分にならないこと
(82.5Nm-10Nm)",38,"ー","438",,"-"
321,2,1,"2WD",6,3,67,"ー",90,93,"ー",148,"制振F/Bゲイン:0.51以上(B12P同等)
※机上検討でゲイン余裕12dBを満足するF/Bゲイン",106,"ーDB:Lに存在しなかったシーン発生！！！！",,,"-"
322,2,1,"2WD",6,3,68,"ー",38,87,"ー",140,"(Given)
0.011045kg・m^2",38,"DB:FとLがつながってる！！！！",,,"-"
323,2,1,"2WD",2,1,22,"○○sec",60,58,,93,"6628Nm/sec",,"e-power",,,"-"
324,2,1,"2WD",2,1,24,"燃費要求から決定
（トーイング以外）",60,59,"kW",32,"○○m^2",,"転がり抵抗＝RRC x W[kg]×g

空気抵抗＝1/2×Cd×σ[kg/m3]×A[m2]×ｖ2[m/s]2

勾配抵抗＝W[kg]×g[9.8m/s2]×sinθ

加速抵抗＝α[m/s2]×(W[kg]＋等価慣性重量[kg])",,,"-"
325,2,1,"2WD",2,2,27,"○○kW",,65,"kW",113,"Nm-rpm",,"e-power","296,297",,"-"
326,2,1,"2WD",3,2,117,"無き事",,44,"無き事",74,"評点3.5点以上
ＦＤケース左右ケース振動　26dB以下　(0ｄＢ=１m/s^2)
モーターガタ詰めトルク≦8Nm 減速機エンドプレー≦0.1８㎜",,"System状態で発生する現象であり単体管理不可の為、寸法関連の要求あり。
使い方要求も抜け漏れ防止の為記載あり。",,,"-"
327,2,1,"2WD",6,1,51,"Gpp ≦ 0.03[G]
※LPF20Hz
(バラつき下限
Gpp ≦ 0.03[G])",34,23,"ー",23,"(Given)
0.271m　　　",38,"※F-4",,,"-"
328,2,1,"2WD",2,2,27,"○○kW",,64,"kW",110,"kW",68,"e-power
時系列データ","296,297",,"-"
329,2,1,"2WD",6,1,51,"Gpp ≦ 0.03[G]
※LPF20Hz
(バラつき下限
Gpp ≦ 0.03[G])",34,23,"ー",25,"(Given)
2WD：1080+130=
1210kg
4WD：1177+130=
1307kg",38,"※F-4",,,"-"
330,2,1,"2WD",3,2,111,"【台上音響パワーレベル】",,41,,64,,,"管理点は協議の上決める事",,,"-"
331,2,1,"2WD",6,2,66,"D/SFTトルクpp値:20Nm以下※両軸",38,82,"ー",123,"ー",85,"ー","?","?","-"
332,2,1,"2WD",6,3,67,"D/SFTトルクpp値:6Nm以下※両軸",38,109,"ー",165,"分解能1rpm
(QU系同等）",115,"DB:Lにはなかった要求値書かれてる！！！！",,,"-"
333,2,1,"2WD",6,2,66,"D/SFTトルクpp値:10Nm以下※両軸",38,82,"ー",123,"ー",38,"ー","?","?","-"
334,2,1,"2WD",1,1,103,"200km以上",39,30,"○○kJ",40,"2831kJ",,,,,"-"
335,2,1,"2WD",1,2,107,"25kWh",,38,,57,"0.98",43,"BEV
充電器からの充電効率","164",,"-"
336,2,1,"2WD",6,2,66,"D/SFTトルクpp値:20Nm以下※両軸",38,83,"ー",132,"※F-3と同じ",84,"ー","?","?","-"
337,2,1,"2WD",2,2,27,"○○kW",,66,,114,,,"e-power","296,297",,"-"
338,2,1,"2WD",6,1,61,"ずり下がり量：6.4cm以下",78,77,"ー",21,"TBD",38,"ー",,,"-"
339,2,1,"2WD",1,1,103,"200km以上",39,29,"○○kJ",38,"0.87",,,,,"-"
340,2,1,"2WD",6,1,54,"Gpp ≦ 0.012[G]
※LPF20Hz
(バラつき下限Gpp ≦ 0.016[G])",71,25,"ー",29,"※F-5と同じ",38,"ー",,,"-"
341,2,1,"2WD",6,2,66,"D/SFTトルクpp値:20Nm以下※両軸",38,82,"ー",123,"ー",38,"ー","?","?","-"
342,2,1,"2WD",6,3,68,"ー",38,87,"ー",125,"0.71deg±0.09deg以下",95,"DB:FとLがつながってる！！！！",,,"-"
343,2,1,"2WD",6,1,58,"ショック
Gpp1≦0.03G
(max Gpp)
Gpp2≦0.015G
(2nd max Gpp)
ラグ
tGp≦1.0sec
※9Hz LPF",75,25,"ー",29,"※F-5と同じ",38,"ー",,,"-"
344,2,1,"2WD",1,2,108,"3kWh",,39,,62,"60W",,"BEV","165",,"-"
345,2,1,"2WD",6,1,55,"Gpp ≦ 0.016[G]
※LPF 20Hz",72,72,"ー",21,"D/SFTトルクpp値:50Nm以下※両軸",38,"ー",,,"-"
346,2,1,"2WD",6,2,66,"D/SFTトルクpp値:10Nm以下※両軸",38,83,"ー",125,"Fr:0.8deg以下
Rr:0.5deg以下
※D/SFT軸上　NEM基準値",38,"ー","?","?","-"
347,2,1,"2WD",3,1,49,"保証基準",,16,,10,"振動応力40MPa以下
(粗メッシュ：振動応力≦20MPa)",,,,,"-"
348,2,1,"2WD",6,1,51,"Gpp ≦ 0.03[G]
※LPF20Hz
(バラつき下限
Gpp ≦ 0.03[G])",34,23,"ー",21,"D/SFTトルクpp値:10Nm以下※両軸",38,"[Kei]固有目標",,,"-"
349,2,1,"2WD",6,1,54,"Gpp ≦ 0.012[G]
※LPF20Hz
(バラつき下限Gpp ≦ 0.016[G])",71,72,"ー",21,"D/SFTトルクpp値:38Nm以下※両軸",38,"ー",,,"-"
350,2,1,"2WD",6,3,67,"全開再加速
tTg01 ≦ TBD [sec]",38,88,"ー",144,"無駄時間(CAN受信からトルク発生まで):2ms以内",101,"DB::なんでAとBけした！！！！",,,"-"
351,2,1,"2WD",1,2,104,"○○％",,36,,55,"○○%",43,,"166",,"-"
387,2,1,"2WD",6,3,67,"ー",91,101,"ー",157,"勾配推定精度±3%",113,"ーDB:Lに存在しなかったシーン発生！！！！",,,"-"
388,2,1,"2WD",6,3,68,"ー",38,87,"ー",141,"(Given)
0.011045kg・m^2",38,"DB:FとLがつながってる！！！！",,,"-"
389,2,1,"2WD",5,3,73,"m3/min",120,119,,182,,,,"509",,"-"
390,2,1,"2WD",5,3,72,"W",120,116,,173,"Ω
J/g・K
kg
℃",,"DB:507だがシステムのL二つがくっついている！！！！","507",,"-"
391,2,1,"2WD",5,3,74,"W",120,122,,189,,,,"510",,"-"
392,2,1,"2WD",6,3,67,"ー",92,106,"ー",162,"モータトルク目-実精度:±1.0Nm以下
(B12P同等、フリクション補償込)",93,"ーDB:Lに存在しなかったシーン発生！！！！",,,"-"
393,2,1,"2WD",5,3,72,"W",120,118,"W/m^2 x K",178,"m^2",,"DB:507だがシステムのL二つがくっついている！！！！","508",,"-"
394,2,1,"2WD",6,3,67,"ー",85,96,"ー",150,"車速2km/h以下において、Frモータートルク125Nm以上となる目標駆動力にならないこと
(135Nm-10Nm)",109,"ー","438",,"-"
395,2,1,"2WD",5,2,71,"ePT(MOT,INV. Batt)各部品許容温度以下",119,114,,171,"m3/min",120,,"501",,"-"
396,2,1,"2WD",5,3,74,"W",120,122,,190,"≧ XXX Pa YYY m^3/min",,,"510",,"-"
397,2,1,"2WD",5,3,73,"m3/min",120,119,,179,"m^3/rev",,,"509",,"-"
398,2,1,"2WD",5,3,74,"W",120,123,,191,,,,"510",,"-"
399,2,1,"2WD",6,3,67,"ー",86,97,"ー",154,"ー",38,"ー","439",,"-"
400,2,1,"2WD",5,3,74,"W",120,123,,191,"≦ XXX℃",,"前提条件","510",,"-"
401,2,1,"2WD",5,1,75,"km@25℃
km@35℃
km@-10℃",121,29,"kWh",37,"W",,"車両電費性能から",,,"-"
402,2,1,"2WD",5,3,73,"m3/min",120,119,,180,"rpm",,,"509",,"-"
403,2,1,"2WD",6,3,67,"ー",88,89,"ー",145,"※F-1と同じ",102,"DB:Lに存在しなかったシーン発生！！！！",,,"-"
404,2,1,"2WD",5,3,74,"W",120,121,,185,"≧ XXX W/℃",,,"510",,"-"
405,2,1,"2WD",5,3,74,"W",120,123,,192,"≦XXX W",,"前提条件","510",,"-"
406,2,1,"2WD",5,1,75,"km@25℃
km@35℃
km@-10℃",121,,"kWh",30,"kg",,"車両電費性能から",,,"-"
407,2,1,"2WD",5,3,74,"W",120,123,,193,"≦XXX W",,"前提条件","510",,"-"
408,2,1,"2WD",5,1,75,"km@25℃
km@35℃
km@-10℃",121,,"kWh",31,,,"車両電費性能から",,,"-"
409,2,1,"2WD",5,1,75,"km@25℃
km@35℃
km@-10℃",121,29,"kWh",38,"%",,"車両電費性能から",,,"-"
410,2,1,"2WD",5,3,74,"W",120,121,,186,"≧ XXX %",,,"510",,"-"
411,2,1,"2WD",5,1,75,"km@25℃
km@35℃
km@-10℃",121,,"kWh",32,"m^2",,"車両電費性能から",,,"-"
412,2,1,"2WD",5,1,75,"km@25℃
km@35℃
km@-10℃",121,29,"kWh",39,"W",,"車両電費性能から",,,"-"
413,2,1,"2WD",5,3,73,"m3/min",120,119,,181,"W",,,"509",,"-"
414,2,1,"2WD",5,2,77,"kWh=∫I(t) x V dI/dt",124,132,,204,,124,"AEで決定DB:要求値要求シーン共に微妙に表記が違いどれとどれがむずびつくのかわからない",,,"-"
415,2,1,"2WD",5,1,75,"km@25℃
km@35℃
km@-10℃",121,,"kWh",95,,,"車両電費性能から",,,"-"
416,2,1,"2WD",5,2,77,"kWh=∫I(t) x V dI/dt",124,132,,205,"℃",124,"AEで決定DB:要求値要求シーン共に微妙に表記が違いどれとどれがむずびつくのかわからない",,,"-"
417,2,1,"2WD",5,2,77,"kWh=∫I(t) x V dI/dt",125,135,,211,"kW",125,"DB:要求値要求シーン共に微妙に表記が違いどれとどれがむずびつくのかわからない",,,"-"
418,2,1,"2WD",6,3,67,"ー",92,107,"ー",163,"車速1.0~9.0kphの目標駆動力:-1Nm
（トルク精度の上限-フリクションのMin＝+1.0-0.38+0.3=0.92）",38,"ーDB:Lに存在しなかったシーン発生！！！！",,,"-"
419,2,1,"2WD",6,3,67,"ー",38,108,"ー",164,"7.5Nm/s
※車両Gが0.03G/secとなるMTRトルクレート",83,"ー","?","?","-"
420,2,1,"2WD",6,3,67,"ー",38,99,"ー",148,"制振F/Bゲイン:0.4以上(B12P同等)
※机上検討でゲイン余裕12dBを満足するF/Bゲイン。",94,"ー","?","?","-"
421,2,1,"2WD",6,3,67,"ー",89,84,"ー",136,"ガタ詰めトルク設定値:3Nm
(B12P同等)",38,"DB:L修正要求値にようきゅうかくな！！！！DB:Lに存在しなかったシーン発生！！！！",,,"-"
422,2,1,"2WD",6,3,68,"ー",38,91,"ー",132,"※F-3と同じ",84,"DB:Lに存在しなかったシーン発生！！！！",,,"-"
423,2,1,"2WD",5,2,77,"kWh=∫I(t) x V dI/dt",124,133,,206,"kW",124,"DB:要求値要求シーン共に微妙に表記が違いどれとどれがむずびつくのかわからない",,,"-"
424,2,1,"2WD",6,3,67,"ー",38,92,"ー",147,"トルクリプル補償後トルク振幅
:片振幅0.3Nm以下
(バラつき下限:0.5Nm)
(24,48,72,96次成分の最大値)",104,"ー","?","?","-"
425,2,1,"2WD",5,2,77,"kWh=∫I(t) x V dI/dt",123,130,,201,"I-tプロファイル(部品共通)",123,"AEから(Cell特性)DB:要求値要求シーン共に微妙に表記が違いどれとどれがむずびつくのかわからない",,,"-"
426,2,1,"2WD",5,3,78,"I-tプロファイル(部品共通)
（外気温35℃要求）",137,137,"R=(Tmax-To)・C/(I^2・ｔ)

Tmax：部品最高温度=耐熱温度
To：初期温度
R：電気抵抗
I：電流
t：通電時間
Ｃ：熱容量　",218,"　Ω",144,"DB:R全然違うわよ",,,"-"
427,2,1,"2WD",5,2,77,"kWh=∫I(t) x V dI/dt",124,133,,207,"kW",124,"DB:要求値要求シーン共に微妙に表記が違いどれとどれがむずびつくのかわからない",,,"-"
428,2,1,"2WD",5,2,77,"kWh=∫I(t) x V dI/dt",123,131,,202,"W",,"DB:要求値要求シーン共に微妙に表記が違いどれとどれがむずびつくのかわからない",,,"-"
429,2,1,"2WD",5,3,78,"I-tプロファイル(部品共通)
（外気温35℃要求）",137,137,"R=(Tmax-To)・C/(I^2・ｔ)

Tmax：部品最高温度=耐熱温度
To：初期温度
R：電気抵抗
I：電流
t：通電時間
Ｃ：熱容量　",219,"　kN",145,"DB:R全然違うわよ",,,"-"
430,2,1,"2WD",5,2,77,"kWh=∫I(t) x V dI/dt",125,134,,208,,125,"AEで決定DB:要求値要求シーン共に微妙に表記が違いどれとどれがむずびつくのかわからない",,,"-"
431,2,1,"2WD",5,1,75,"km@25℃
km@35℃
km@-10℃",121,30,"kWh",40,"kWh",,"車両電費性能から",,,"-"
432,2,1,"2WD",6,3,67,"ー",38,93,"ー",148,"制振F/Bゲイン:0.51以上(B12P同等)
※机上検討でゲイン余裕12dBを満足するF/Bゲイン",106,"ー","?","?","-"
433,2,1,"2WD",5,1,75,"km@25℃
km@35℃
km@-10℃",121,30,"kWh",41,"kWh",,"車両電費性能から",,,"-"
434,2,1,"2WD",5,3,80,"I-t線図外に部品が設計されている",139,140,"シビアシーンI-t線図外",229,,,"DB:R全然違うわよ",,,"-"
435,2,1,"2WD",5,2,77,"kWh=∫I(t) x V dI/dt",125,134,,209,"℃",125,"AEで決定DB:要求値要求シーン共に微妙に表記が違いどれとどれがむずびつくのかわからない",,,"-"
436,2,1,"2WD",6,3,67,"ー",38,98,"ー",155,"外乱応答時定数10ms
(カットオフ周波数16Hz)

or 

入力電圧に対する出力電圧の電圧誤差によって生じるトルク変動幅が1Nm以下",111,"ー","?","?","-"
437,2,1,"2WD",5,3,80,"I-t線図外に部品が設計されている",139,140,"シビアシーンI-t線図外",230,,,"DB:R全然違うわよ",,,"-"
438,2,1,"2WD",5,1,75,"km@25℃
km@35℃
km@-10℃",121,30,"kWh",43,"G",,"車両電費性能から",,,"-"
439,2,1,"2WD",5,3,79,"充電ポート：90℃を越えない",138,139,,226,,,"DB:R全然違うわよ",,,"-"
440,2,1,"2WD",5,1,75,"km@25℃
km@35℃
km@-10℃",121,124,"kWh",46,"％",,"車両電費性能から",,,"-"
441,2,1,"2WD",5,3,80,"I-t線図外に部品が設計されている",139,140,"シビアシーンI-t線図外",227,,,"DB:R全然違うわよ",,,"-"
442,2,1,"2WD",5,3,78,"I-tプロファイル(部品共通)
（外気温35℃要求）",137,138,"熱容量=比熱(J/(g・K)×重量(g)",220,"　J/K",,"DB:R全然違うわよ",,,"-"
443,2,1,"2WD",5,3,80,"I-t線図外に部品が設計されている",139,141,,231,,,"DB:R全然違うわよ",,,"-"
444,2,1,"2WD",5,3,78,"I-tプロファイル(部品共通)
（外気温35℃要求）",137,137,"R=(Tmax-To)・C/(I^2・ｔ)

Tmax：部品最高温度=耐熱温度
To：初期温度
R：電気抵抗
I：電流
t：通電時間
Ｃ：熱容量　",216,"　Ω",,"DB:R全然違うわよ",,,"-"
445,2,1,"2WD",5,3,78,"I-tプロファイル(部品共通)
（外気温35℃要求）",137,138,"熱容量=比熱(J/(g・K)×重量(g)",221,"　J/K",,"DB:R全然違うわよ",,,"-"
446,2,1,"2WD",5,3,78,"I-tプロファイル(部品共通)
（外気温35℃要求）",137,136,"Tmax：部品最高温度=耐熱温度",214,"　℃　",,"DB:alloたくさん",,,"-"
447,2,1,"2WD",4,1,2,"ずり落ち無し",,2,,2,"0",15,,,"-","-"
448,2,1,"2WD",5,3,78,"I-tプロファイル(部品共通)
（外気温35℃要求）",137,137,"R=(Tmax-To)・C/(I^2・ｔ)

Tmax：部品最高温度=耐熱温度
To：初期温度
R：電気抵抗
I：電流
t：通電時間
Ｃ：熱容量　",217,"　Ω",143,"DB:R全然違うわよ",,,"-"
449,2,1,"2WD",4,1,4,"ヨーレイト変化率0.75～1.4
加速G0.21G以上
（10sec継続可能なこと）",8,1,,1,"D/SFT軸4輪合計 1015[Nm]",13,,,"-","-"
450,2,1,"2WD",5,3,79,"充電ポート：90℃を越えない",138,139,,225,"　％",,"DB:R全然違うわよ",,,"-"
451,2,1,"2WD",6,3,67,"ー",85,92,"ー",147,"トルクリプル補償後トルク振幅:片振幅1.3Nm以下
(24,48,72,96次成分の最大値)",107,"ー","438",,"-"
452,2,1,"2WD",6,3,67,"ー",85,96,"ー",152,"車速2km/h以下において、Rrモータートルクが84.3Nm以上になるような駆動力配分にならないこと(94.3Nm-10Nm)",38,"ー","438",,"-"
453,2,1,"2WD",6,3,67,"ー",86,97,"ー",153,"0Nm指令時のトルクリプル片振幅：1.0Nm以下(24,48,72,96次数の算術和　Overall)",110,"ー","439",,"-"
454,2,1,"2WD",6,3,68,"ー",38,87,"ー",143,"(Given)
Fr:0.000556kg・m^2",99,"DB:FとLがつながってる！！！！",,,"-"
455,2,1,"2WD",6,3,68,"ー",38,87,"ー",131,"(Given)TBD
※想定されるラインアップ軸径では影響微小",38,"DB:FとLがつながってる！！！！",,,"-"
456,2,1,"2WD",5,1,70,"駆動力‐時間要求",117,59,"N",32,"2.11 m^2",,"前提条件
車両燃費性能計画から）",,,"-"
457,2,1,"2WD",5,1,70,"駆動力‐時間要求",117,59,"N",95,"185/60R16
66",,"前提条件
車両燃費性能計画から）",,,"-"
458,2,1,"2WD",6,3,68,"ー",38,87,"ー",126,"1.052deg±0.412deg以下",96,"DB:FとLがつながってる！！！！",,,"-"
459,2,1,"2WD",5,2,71,"ePT(MOT,INV. Batt)各部品許容温度以下",119,115,,172,"W",120,,"501",,"-"
460,2,1,"2WD",6,3,69,"D/SFTトルクpp値:10Nm以下※両軸",38,110,"ー",166,"Rr MTRトルク3Nm以上",116,"DB:Lにはなかった要求値書かれてる！！！！",,,"-"
461,2,1,"2WD",5,1,76,"〇時間以内
カメランプ点灯無き事",122,129,"回",199,,,"充電回数＞(必要電力量‐初期Full蓄電量)/30min蓄電量",,,"-"
462,2,1,"2WD",5,1,75,"km@25℃
km@35℃
km@-10℃",121,,"kWh",36,"Nm",,"車両電費性能から",,,"-"
463,2,1,"2WD",5,3,73,"m3/min",120,120,,183,,,,"509",,"-"
464,2,1,"2WD",5,2,77,"kWh=∫I(t) x V dI/dt",123,131,,203,"W",,"AEから(Cell特性)DB:要求値要求シーン共に微妙に表記が違いどれとどれがむずびつくのかわからない",,,"-"
465,2,1,"2WD",5,1,76,"〇時間以内
カメランプ点灯無き事",122,128,"h",198,"kWh",,"Recovery Rangeで決める",,,"-"
466,2,1,"2WD",4,1,2,"発進5s後の到達車速21kph以上
（10sec継続可能なこと）",,1,,1,"D/SFT軸4輪合計 1684[Nm]",13,,,"-","-"
467,2,1,"2WD",5,3,80,"I-t線図外に部品が設計されている",139,140,"シビアシーンI-t線図外",228,,,"DB:R全然違うわよ",,,"-"
468,2,1,"2WD",5,3,78,"I-tプロファイル(部品共通)
（外気温35℃要求）",137,137,"R=(Tmax-To)・C/(I^2・ｔ)

Tmax：部品最高温度=耐熱温度
To：初期温度
R：電気抵抗
I：電流
t：通電時間
Ｃ：熱容量　",215,"　Ω",,"DB:R全然違うわよ",,,"-"
469,2,1,"2WD",6,3,67,"ー",85,94,"ー",138,"3%以上",38,"ー","438",,"-"
470,2,1,"2WD",5,2,77,"kWh=∫I(t) x V dI/dt",125,135,,210,"kW",125,"DB:要求値要求シーン共に微妙に表記が違いどれとどれがむずびつくのかわからない",,,"-"
471,2,1,"2WD",5,3,80,"I-t線図外に部品が設計されている",139,143,,237,,,"DB:R全然違うわよ",,,"-"
472,2,1,"2WD",5,3,80,"I-t線図外に部品が設計されている",139,143,,234,,,"DB:R全然違うわよ",,,"-"
473,2,1,"2WD",5,3,73,"m3/min",120,120,,184,"≧ XXX Pa YYY m^3/min",,,"509",,"-"
474,2,1,"2WD",4,1,1,"車速40kph一定速
連続走行120sec以上
（代表運転点）
(120sec継続可能なこと)",4,1,,1,"D/SFT軸4輪合計 741[Nm]",17,,,"-","-"
475,2,1,"2WD",5,2,77,"kWh=∫I(t) x V dI/dt",123,130,,200,"I-tプロファイル(部品共通)",124,"DB:要求値要求シーン共に微妙に表記が違いどれとどれがむずびつくのかわからない",,,"-"
476,2,1,"2WD",5,3,74,"W",120,121,,187,"≧ XXX L/min",,,"510",,"-"
477,2,1,"2WD",6,3,68,"ー",38,87,"ー",142,"(Given)
Fr:0.000827kg・m^2",98,"DB:FとLがつながってる！！！！",,,"-"
478,2,1,"2WD",5,3,74,"W",120,122,,188,"≧ XXX m/s",,,"510",,"-"
479,2,1,"2WD",4,1,2,"発進5s後の到達車速21kph以上
（10sec継続可能なこと）",5,1,,3,"Fr 561[Nm]",18,,,"-","-"
480,2,1,"2WD",5,2,71,"ePT(MOT,INV. Batt)各部品許容温度以下",119,112,,169,"W",120,"各ユニットで決まった材料特性を前提とする
Motorコイル
Inverter素子
Batteryセル","501",,"-"
481,2,1,"2WD",5,3,80,"I-t線図外に部品が設計されている",139,143,,238,,,"DB:R全然違うわよ",,,"-"
482,2,1,"2WD",4,1,2,"発進5s後の到達車速21kph以上
（10sec継続可能なこと）",5,1,,,"Rr 561[Nm]",18,,,"-","-"
483,2,1,"2WD",4,1,2,"発進5s後の到達車速21kph以上
（10sec継続可能なこと）",5,1,,1,,14,,,"-","-"
484,2,1,"2WD",5,3,78,"I-tプロファイル(部品共通)
（外気温35℃要求）",137,138,"熱容量=比熱(J/(g・K)×重量(g)",222,"　J/K",,"DB:R全然違うわよ",,,"-"
485,2,1,"2WD",6,3,68,"ー",38,87,"ー",124,"(Given)
[kei]検討値
フロント(左右合計)：164.7Nm/deg
リヤ(左右合計)：135.1Nm/deg",38,"DB:FとLがつながってる！！！！",,,"-"
486,2,1,"2WD",5,3,78,"I-tプロファイル(部品共通)
（外気温35℃要求）",137,138,"熱容量=比熱(J/(g・K)×重量(g)",223,"　J/K",,"DB:R全然違うわよ",,,"-"
487,2,1,"2WD",6,3,67,"ー",89,100,"ー",137,"制振F/Bゲイン:0.4以上(B12P同等)
※机上検討でゲイン余裕12dBを満足するF/Bゲイン。",94,"ーDB:Lに存在しなかったシーン発生！！！！",,,"-"
488,2,1,"2WD",4,1,4,"ヨーレイト変化率0.75～1.4
加速G0.21G以上
（10sec継続可能なこと）",8,1,,1,"Fr 460[Nm]",14,,,"-","-"
489,2,1,"2WD",4,1,4,"ヨーレイト変化率0.75～1.4
加速G0.21G以上
（10sec継続可能なこと）",8,1,,1,"Rr 555[Nm]",14,,,"-","-"
490,2,1,"2WD",5,3,80,"I-t線図外に部品が設計されている",139,145,,246,"77.7J/k",,"DB:R全然違うわよ",,,"-"
491,2,1,"2WD",4,1,2,"発進5s後の到達車速21kph以上
（10sec継続可能なこと）",5,1,,1,"Rr 842[Nm]",14,,,"-","-"
492,2,1,"2WD",5,3,80,"I-t線図外に部品が設計されている",139,144,"Q＝R x ∫I(t)2 dt",241,,,"DB:R全然違うわよ",,,"-"
493,2,1,"2WD",5,3,80,"I-t線図外に部品が設計されている",139,145,,247,"60.6J/k",,"DB:R全然違うわよ",,,"-"
494,2,1,"2WD",5,3,79,"充電ポート：90℃を越えない",138,139,,224,"　℃",,"DB:R全然違うわよ",,,"-"
495,2,1,"2WD",4,1,4,"ヨーレイト変化率0.75～1.4
加速G0.21G以上
（10sec継続可能なこと）",8,1,,4,"十分なBLSD油圧応答性",21,,,"-","-"
496,2,1,"2WD",4,1,8,"加速G0.10G以上
（10sec継続可能なこと）",12,1,,1,"Rr 286[Nm]",14,,,"-","-"
497,2,1,"2WD",5,3,80,"I-t線図外に部品が設計されている",139,145,,248,"8.0J/k",,"DB:R全然違うわよ",,,"-"
498,2,1,"2WD",5,3,80,"I-t線図外に部品が設計されている",139,145,,249,"32.3J/k",,"DB:R全然違うわよ",,,"-"
499,2,1,"2WD",5,1,75,"km@25℃
km@35℃
km@-10℃",121,125,"I-t",194,"I-tプロファイル(部品共通)",,,,,"-"
500,2,1,"2WD",5,1,75,"km@25℃
km@35℃
km@-10℃",121,126,"kWh",195,"kWh",,,,,"-"
501,2,1,"2WD",5,1,76,"〇時間以内
カメランプ点灯無き事",122,127,"km/kW",196,"km",,"電費性能計画から",,,"-"
502,2,1,"2WD",5,1,76,"〇時間以内
カメランプ点灯無き事",122,127,"km/kW",197,"km",,"上記のRecovery Rangeの目標から",,,"-"
503,2,1,"2WD",4,1,5,"加速G0.10G以上
（10sec継続可能なこと）",9,1,,1,"Fr 225[Nm]",14,,,"-","-"
504,2,1,"2WD",4,2,10,"D/SFT軸4輪合計 1214[Nm]",22,5,"Nm",,,,,"1","-","-"
505,2,1,"2WD",5,3,80,"I-t線図外に部品が設計されている",139,146,,254,,,"DB:R全然違うわよ",,,"-"
506,2,1,"2WD",5,3,80,"I-t線図外に部品が設計されている",139,146,,255,,,"DB:R全然違うわよ",,,"-"
507,2,1,"2WD",5,3,80,"I-t線図外に部品が設計されている",139,145,,250,,,"DB:R全然違うわよ",,,"-"
508,2,1,"2WD",5,3,80,"I-t線図外に部品が設計されている",139,146,,253,,,"DB:R全然違うわよ",,,"-"
509,2,1,"2WD",5,3,80,"I-t線図外に部品が設計されている",139,144,"Q＝R x ∫I(t)2 dt",239,,,"DB:R全然違うわよ",,,"-"
510,2,1,"2WD",5,3,80,"I-t線図外に部品が設計されている",139,144,"Q＝R x ∫I(t)2 dt",240,,,"DB:R全然違うわよ",,,"-"
511,2,1,"2WD",5,3,81,"W",141,149,,268,"Ω",146,"DB:R全然違うわよ",,,"-"
512,2,1,"2WD",5,3,81,"W",124,149,,269,"J/g・K",146,"DB:R全然違うわよ",,,"-"
513,2,1,"2WD",4,2,10,"Fr 532[Nm]",23,6,"Nm",5,"44[Nm]-10[sec]",,,"2","-","-"
514,2,1,"2WD",4,2,10,"Fr 532[Nm]",23,7,"rpm",6,"2915[rpm]",,,"2","-","-"
515,2,1,"2WD",4,2,10,"Fr 532[Nm]",23,8,,7,"12.728",,,"2","-","-"
516,2,1,"2WD",4,2,10,"Fr 532[Nm]",23,8,,8,"（燃費要求から決定）",,,"2","-","-"
517,2,1,"2WD",5,3,80,"I-t線図外に部品が設計されている",139,144,"Q＝R x ∫I(t)2 dt",242,,,"DB:R全然違うわよ",,,"-"
518,2,1,"2WD",5,3,80,"I-t線図外に部品が設計されている",139,144,"Q＝R x ∫I(t)2 dt",243,,,"DB:R全然違うわよ",,,"-"
519,2,1,"2WD",4,2,10,"Rr 682[Nm]",23,9,"Nm",5,"62[Nm]-10[sec]",,,"3","-","-"
520,2,1,"2WD",4,2,10,"D/SFT軸4輪合計 1684[Nm]",25,5,"Nm",,,,,"9","-","-"
521,2,1,"2WD",5,3,80,"I-t線図外に部品が設計されている",139,145,,244,"131.2J/k",,"DB:R全然違うわよ",,,"-"
522,2,1,"2WD",5,3,80,"I-t線図外に部品が設計されている",139,145,,245,"61.9J/k",,"DB:R全然違うわよ",,,"-"
523,2,1,"2WD",5,3,80,"Fuse I-t特性外に部品が設計されている",140,147,"走行シーンによるIT特性は最弱部位(Harness)の左側になる",264,,,"DB:R全然違うわよ",,,"-"
524,2,1,"2WD",5,3,80,"Fuse I-t特性外に部品が設計されている",140,147,"走行シーンによるIT特性は最弱部位(Harness)の左側になる",265,,,"DB:R全然違うわよ",,,"-"
525,2,1,"2WD",5,3,80,"I-t線図外に部品が設計されている",139,146,,251,,,"DB:R全然違うわよ",,,"-"
526,2,1,"2WD",5,3,80,"I-t線図外に部品が設計されている",139,146,,252,,,"DB:R全然違うわよ",,,"-"
527,2,1,"2WD",4,2,10,"Rr 391[Nm]",23,9,"Nm",5,"35[Nm]-120[sec]",,,"8","-","-"
528,2,1,"2WD",4,2,10,"Rr 391[Nm]",23,10,"rpm",6,"4441[rpm]",,,"8","-","-"
529,2,1,"2WD",4,2,10,"Rr 391[Nm]",23,11,,7,"11.636",,,"8","-","-"
530,2,1,"2WD",4,2,10,"Rr 623[Nm]",23,10,"rpm",6,"1776[rpm]",,,"17","-","-"
531,2,1,"2WD",5,3,,,140,148,,266,,,"DB:R全然違うわよ",,,"-"
532,2,1,"2WD",5,3,,,140,148,,267,,,"DB:R全然違うわよ",,,"-"
533,2,1,"2WD",5,3,78,"I-tプロファイル(部品共通)
（外気温35℃要求）",137,136,"Tmax：部品最高温度=耐熱温度",212,"　℃",,"DB:R全然違うわよ",,,"-"
534,2,1,"2WD",5,3,78,"I-tプロファイル(部品共通)
（外気温35℃要求）",137,136,"Tmax：部品最高温度=耐熱温度",213,"　℃",,"DB:alloたくさん",,,"-"
535,2,1,"2WD",5,3,80,"I-t線図外に部品が設計されている",139,143,,235,,,"DB:R全然違うわよ",,,"-"
536,2,1,"2WD",5,3,80,"I-t線図外に部品が設計されている",139,143,,236,,,"DB:R全然違うわよ",,,"-"
537,2,1,"2WD",5,3,80,"I-t線図外に部品が設計されている",139,142,,232,"254.1J/k",,"DB:R全然違うわよ",,,"-"
538,2,1,"2WD",5,3,80,"I-t線図外に部品が設計されている",139,142,,233,"7.3J/k",,"DB:R全然違うわよ",,,"-"
539,2,1,"2WD",4,1,4,"ヨーレイト変化率0.75～1.4
加速G0.21G以上
（10sec継続可能なこと）",8,1,,4,"十分なBLSD油圧Max値",21,,,"-","-"
540,2,1,"2WD",4,1,5,"加速G0.10G以上
（10sec継続可能なこと）",9,1,,1,"D/SFT軸4輪合計 453[Nm]",13,,,"-","-"
541,2,1,"2WD",5,3,80,"I-t線図外に部品が設計されている",139,146,,256,,,"DB:R全然違うわよ",,,"-"
542,2,1,"2WD",5,3,80,"I-t線図外に部品が設計されている",139,146,,257,,,"DB:R全然違うわよ",,,"-"
543,2,1,"2WD",4,1,1,"発進5s後の到達車速24kph以上*
(10sec継続可能なこと)
*計算理論値",1,1,,1,"D/SFT軸4輪合計 1214[Nm]",13,,,"-","-"
544,2,1,"2WD",4,1,1,"ずり落ち無し",2,2,,2,"D/SFT軸4輪合計 723[Nm]",15,,,"-","-"
545,2,1,"2WD",5,3,80,"I-t線図外に部品が設計されている",139,146,,258,,,"DB:R全然違うわよ",,,"-"
546,2,1,"2WD",5,3,80,"Fuse I-t特性外に部品が設計されている",139,144,"Q＝R x ∫I(t)2 dt",259,,,"DB:R全然違うわよ",,,"-"
547,2,1,"2WD",4,1,1,"発進可能なアクセル開度30%以下",3,3,,1,"D/SFT軸4輪合計 723[Nm]",16,,,"-","-"
548,2,1,"2WD",4,1,1,"車速40kph一定速
連続走行120sec以上
（代表運転点）
(120sec継続可能なこと)",4,1,,1,"Fr 349[Nm]",14,,,"-","-"
549,2,1,"2WD",5,3,80,"Fuse I-t特性外に部品が設計されている",139,145,,260,,,"DB:allocateない",,,"-"
550,2,1,"2WD",5,3,80,"Fuse I-t特性外に部品が設計されている",139,146,,261,,,"DB:R全然違うわよ",,,"-"
551,2,1,"2WD",4,2,10,"Rr 391[Nm]",23,11,,8,"（燃費要求から決定）",,,"8","-","-"
552,2,1,"2WD",4,2,10,"Fr 842[Nm]",14,6,"Nm",5,"70[Nm]-10[sec]",,,"10","-","-"
553,2,1,"2WD",4,2,10,"Fr 842[Nm]",14,7,"rpm",6,"2616[rpm]",,,"10","-","-"
554,2,1,"2WD",4,2,10,"Rr 623[Nm]",23,11,,8,"（燃費要求から決定）",,,"17","-","-"
555,2,1,"2WD",5,3,81,"W",142,149,,270,"kg",147,"DB:R全然違うわよ",,,"-"
556,2,1,"2WD",5,3,81,"W",142,150,,174,"㎡K/W",,"DB:R全然違うわよ",,,"-"
557,2,1,"2WD",4,2,10,"D/SFT軸4輪合計 919[Nm]",27,5,"Nm",,,,,"20","-","-"
558,2,1,"2WD",4,2,10,"Fr 478[Nm]",23,6,"Nm",5,"40[Nm]-120[sec]",,,"21","-","-"
559,2,1,"2WD",4,2,10,"Fr 478[Nm]",23,7,"rpm",6,"2429[rpm]",,,"21","-","-"
560,2,1,"2WD",4,2,10,"Fr 478[Nm]",23,8,,7,"12.728",,,"21","-","-"
561,2,1,"2WD",4,2,10,"Fr 478[Nm]",23,8,,8,"（燃費要求から決定）",,,"21","-","-"
562,2,1,"2WD",4,2,10,"Rr 555[Nm]",23,11,,8,"（燃費要求から決定）",,,"25","-","-"
564,2,1,"2WD",5,3,80,"Fuse I-t特性外に部品が設計されている",139,146,,262,,,"DB:allocateない",,,"-"
565,2,1,"2WD",5,3,80,"Fuse I-t特性外に部品が設計されている",140,147,"走行シーンによるIT特性は最弱部位(Harness)の左側になる",263,,,"DB:R全然違うわよ",,,"-"
566,2,1,"2WD",4,1,1,"発進5s後の到達車速24kph以上*
(10sec継続可能なこと)
*計算理論値",1,1,,1,"Fr 532[Nm]",14,,,"-","-"
567,2,1,"2WD",4,1,1,"発進5s後の到達車速24kph以上*
(10sec継続可能なこと)
*計算理論値",1,1,,1,"Rr 682[Nm]",14,,,"-","-"
568,2,1,"2WD",4,1,1,"車速40kph一定速
連続走行120sec以上
（代表運転点）
(120sec継続可能なこと)",4,1,,1,"Rr 391[Nm]",14,,,"-","-"
569,2,1,"2WD",4,1,2,"発進可能なアクセル開度40%以下",3,3,,1,"0",16,,,"-","-"
570,2,1,"2WD",4,1,3,"発進5s後の到達車速16kph以上
（10sec継続可能なこと）",6,1,,1,"D/SFT軸4輪合計 1241[Nm]",13,,,"-","-"
571,2,1,"2WD",4,1,3,"発進5s後の到達車速16kph以上
（10sec継続可能なこと）",6,1,,1,"Fr 618[Nm]",14,,,"-","-"
572,2,1,"2WD",4,1,3,"発進5s後の到達車速16kph以上
（10sec継続可能なこと）",6,1,,1,"Rr 623[Nm]",14,,,"-","-"
573,2,1,"2WD",4,1,3,"発進5s後の到達車速16kph以上
（10sec継続可能なこと）",6,1,,4,"十分なBLSD油圧応答性",19,,,"-","-"
574,2,1,"2WD",4,1,3,"発進5s後の到達車速16kph以上
（10sec継続可能なこと）",6,1,,4,"十分なBLSD油圧Max値",19,,,"-","-"
575,2,1,"2WD",4,1,3,"車速20kph一定速
連続走行120sec以上
（代表運転点）
(120sec継続可能なこと)",7,1,,1,"D/SFT軸4輪合計 919[Nm]",20,,,"-","-"
576,2,1,"2WD",4,1,3,"車速20kph一定速
連続走行120sec以上
（代表運転点）
(120sec継続可能なこと)",7,1,,1,"Fr 478[Nm]",14,,,"-","-"
577,2,1,"2WD",4,1,3,"車速20kph一定速
連続走行120sec以上
（代表運転点）
(120sec継続可能なこと)",7,1,,1,"Rr 441[Nm]",14,,,"-","-"
578,2,1,"2WD",4,1,5,"加速G0.10G以上
（10sec継続可能なこと）",9,1,,1,"Rr 228[Nm]",14,,,"-","-"
579,2,1,"2WD",4,1,5,"加速G0.10G以上
（10sec継続可能なこと）",9,1,,4,"十分なBLSD油圧応答性",21,,,"-","-"
580,2,1,"2WD",4,1,6,"加速G0.15G以上
（10sec継続可能なこと）",10,1,,1,"Fr 245[Nm]",14,,,"-","-"
581,2,1,"2WD",4,1,6,"加速G0.15G以上
（10sec継続可能なこと）",10,1,,1,"Rr 368[Nm]",14,,,"-","-"
582,2,1,"2WD",4,1,7,"加速G0.10G以上
（10sec継続可能なこと）",11,1,,1,"D/SFT軸4輪合計 606[Nm]",13,,,"-","-"
583,2,1,"2WD",4,1,7,"加速G0.10G以上
（10sec継続可能なこと）",11,1,,1,"Fr 293[Nm]",14,,,"-","-"
584,2,1,"2WD",4,1,7,"加速G0.10G以上
（10sec継続可能なこと）",11,1,,1,"Rr 313[Nm]",14,,,"-","-"
585,2,1,"2WD",4,1,8,"加速G0.10G以上
（10sec継続可能なこと）",12,1,,1,"D/SFT軸4輪合計 559[Nm]",13,,,"-","-"
586,2,1,"2WD",4,1,8,"加速G0.10G以上
（10sec継続可能なこと）",12,1,,1,"Fr 273[Nm]",14,,,"-","-"
587,2,1,"2WD",4,1,9,"車両重量配分比相当のRr配分が可能なこと",,4,,1,,,,,"-","-"
588,2,1,"2WD",4,2,10,"Rr 682[Nm]",23,10,"rpm",6,"2665[rpm]",,,"3","-","-"
589,2,1,"2WD",4,2,10,"Rr 682[Nm]",23,11,,7,"11.636",,,"3","-","-"
590,2,1,"2WD",4,2,10,"Rr 682[Nm]",23,11,,8,"（燃費要求から決定）",,,"3","-","-"
591,2,1,"2WD",4,2,10,"D/SFT軸4輪合計 741[Nm]",24,5,"Nm",,,,,"6","-","-"
592,2,1,"2WD",4,2,10,"Rr 682[Nm]",23,6,"Nm",5,"29[Nm]-120[sec]",,,"7","-","-"
593,2,1,"2WD",4,2,10,"Rr 682[Nm]",23,7,"rpm",6,"4858[rpm]",,,"7","-","-"
594,2,1,"2WD",4,2,10,"Rr 682[Nm]",23,8,,7,"12.728",,,"7","-","-"
595,2,1,"2WD",4,2,10,"Rr 682[Nm]",23,8,,8,"（燃費要求から決定）",,,"7","-","-"
596,2,1,"2WD",4,2,10,"Fr 842[Nm]",14,8,,7,"0",,,"10","-","-"
597,2,1,"2WD",4,2,10,"Fr 842[Nm]",14,8,,8,"（燃費要求から決定）",,,"10","-","-"
598,2,1,"2WD",4,2,10,"Rr 842[Nm]",14,11,,7,"0",,,"11","-","-"
599,2,1,"2WD",4,2,10,"Rr 842[Nm]",14,11,,8,"（燃費要求から決定）",,,"11","-","-"
600,2,1,"2WD",4,2,10,"D/SFT軸4輪合計 1241[Nm]",26,5,"Nm",,,,,"15","-","-"
601,2,1,"2WD",4,2,10,"Fr 618[Nm]",23,6,"Nm",5,"51[Nm]-10[sec]",,,"16","-","-"
602,2,1,"2WD",4,2,10,"Fr 618[Nm]",23,7,"rpm",6,"1943[rpm]",,,"16","-","-"
603,2,1,"2WD",4,2,10,"Fr 618[Nm]",23,8,,7,"12.728",,,"16","-","-"
604,2,1,"2WD",4,2,10,"Rr 623[Nm]",23,9,"Nm",5,"56[Nm]-10[sec]",,,"17","-","-"
605,2,1,"2WD",4,2,10,"Rr 623[Nm]",23,11,,7,"11.636",,,"17","-","-"
606,2,1,"2WD",4,2,10,"Rr 441[Nm]",23,9,"Nm",5,"40[Nm]-120[sec]",,,"22","-","-"
607,2,1,"2WD",4,2,10,"Rr 441[Nm]",23,10,"rpm",6,"2221[rpm]",,,"22","-","-"
608,2,1,"2WD",4,2,10,"Rr 441[Nm]",23,11,,7,"11.636",,,"22","-","-"
609,2,1,"2WD",4,2,10,"Rr 441[Nm]",23,11,,8,"（燃費要求から決定）",,,"22","-","-"
610,2,1,"2WD",4,2,10,"D/SFT軸4輪合計 1015[Nm]",28,5,"Nm",,,,,"23","-","-"
611,2,1,"2WD",4,2,10,"Fr 460[Nm]",23,6,"Nm",5,"38[Nm]-10[sec]",,,"24","-","-"
612,2,1,"2WD",4,2,10,"Fr 460[Nm]",23,7,"rpm",6,"3036[rpm]",,,"24","-","-"
613,2,1,"2WD",4,2,10,"Fr 460[Nm]",23,8,,7,"12.728",,,"24","-","-"
614,2,1,"2WD",4,2,10,"Fr 460[Nm]",23,8,,8,"（燃費要求から決定）",,,"24","-","-"
615,2,1,"2WD",4,2,10,"Rr 555[Nm]",23,9,"Nm",5,"50[Nm]-10[sec]",,,"25","-","-"
616,2,1,"2WD",4,2,10,"Rr 555[Nm]",23,10,"rpm",6,"2776[rpm]",,,"25","-","-"
617,2,1,"2WD",4,2,10,"Rr 555[Nm]",23,11,,7,"11.636",,,"25","-","-"
618,2,1,"2WD",4,2,10,"D/SFT軸4輪合計 453[Nm]",29,5,"Nm",,,,,"28","-","-"
619,2,1,"2WD",4,2,10,"Fr 225[Nm]",23,6,"Nm",5,"19[Nm]-10[sec]",,,"29","-","-"
620,2,1,"2WD",5,3,81,"W",142,151,,271,"m^3/rev",,"DB:R全然違うわよ",,,"-"
621,2,1,"2WD",5,3,81,"W",142,151,,272,"rpm",,"DB:R全然違うわよ",,,"-"
622,2,1,"2WD",5,3,81,"W",142,151,,273,"W",,"DB:R全然違うわよ",,,"-"
623,2,1,"2WD",5,3,81,"W",142,151,,274,"m^2",,"DB:R全然違うわよ",,,"-"
624,2,1,"2WD",5,3,81,"W",142,151,,176,,,"DB:R全然違うわよ",,,"-"
625,2,1,"2WD",5,3,81,"W",142,151,,177,,,"DB:R全然違うわよ",,,"-"
626,2,1,"2WD",5,3,81,"W",142,151,,178,"m^2",,"DB:R全然違うわよ",,,"-"
627,2,1,"2WD",5,3,81,"W",142,152,,275,,,"DB:R全然違うわよ",,,"-"
628,2,1,"2WD",5,3,81,"W",142,152,,276,"℃",,"DB:R全然違うわよ",,,"-"
629,2,1,"2WD",5,3,81,"W",142,152,,277,"m^3/sec",,"DB:R全然違うわよ",,,"-"
630,2,1,"2WD",5,3,81,"W",142,153,,275,,,"DB:R全然違うわよ",,,"-"
631,2,1,"2WD",5,3,81,"W",142,153,,278,,,"DB:R全然違うわよ",,,"-"
632,2,1,"2WD",5,3,81,"W",142,153,,279,,,"DB:R全然違うわよ",,,"-"
633,2,1,"2WD",5,3,81,"W",142,153,,280,,,"DB:R全然違うわよ",,,"-"
634,2,1,"2WD",5,3,81,"W",142,153,,281,,,"DB:R全然違うわよ",,,"-"
635,2,1,"2WD",5,3,81,"W",142,154,,282,,,"DB:R全然違うわよ",,,"-"
636,2,1,"2WD",5,3,81,"W",142,154,,283,,,"DB:R全然違うわよ",,,"-"
637,2,1,"2WD",5,3,81,"W",142,154,,284,,,"DB:R全然違うわよ",,,"-"
638,2,1,"2WD",5,3,82,"W",141,155,,285,"W",,"DB:R全然違うわよ",,,"-"
639,2,1,"2WD",5,3,82,"W",125,156,,,,,"DB:R全然違うわよ",,,"-"
640,2,1,"2WD",5,3,82,"W",142,157,,174,"㎡K/W",,"DB:allocate勝手に追加",,,"-"
641,2,1,"2WD",5,3,82,"W",142,149,,268,"Ω",146,"DB:R全然違うわよ",,,"-"
642,2,1,"2WD",5,3,82,"W",142,149,,269,"J/g・K",146,"DB:R全然違うわよ",,,"-"
643,2,1,"2WD",5,3,82,"W",142,149,,270,"kg",147,"DB:R全然違うわよ",,,"-"
644,2,1,"2WD",5,3,82,"W",142,150,,174,"㎡K/W",,"DB:R全然違うわよ",,,"-"
645,2,1,"2WD",5,3,82,"W",142,151,,271,"m^3/rev",,"DB:R全然違うわよ",,,"-"
646,2,1,"2WD",5,3,82,"W",142,151,,272,"rpm",,"DB:R全然違うわよ",,,"-"
647,2,1,"2WD",5,3,82,"W",142,151,,273,"W",,"DB:R全然違うわよ",,,"-"
648,2,1,"2WD",5,3,82,"W",142,151,,274,"m^2",,"DB:R全然違うわよ",,,"-"
649,2,1,"2WD",5,3,82,"W",142,151,,176,,,"DB:R全然違うわよ",,,"-"
650,2,1,"2WD",5,3,82,"W",142,151,,177,,,"DB:R全然違うわよ",,,"-"
651,2,1,"2WD",5,3,82,"W",142,151,,178,"m^2",,"DB:R全然違うわよ",,,"-"
652,2,1,"2WD",5,3,82,"W",142,152,,275,,,"DB:R全然違うわよ",,,"-"
653,2,1,"2WD",5,3,82,"W",142,152,,276,"℃",,"DB:R全然違うわよ",,,"-"
654,2,1,"2WD",5,3,82,"W",142,152,,277,"m^3/sec",,"DB:R全然違うわよ",,,"-"
655,2,1,"2WD",5,3,82,"W",142,154,,282,,,"DB:R全然違うわよ",,,"-"
656,2,1,"2WD",5,3,82,"W",142,154,,283,,,"DB:R全然違うわよ",,,"-"
657,2,1,"2WD",5,3,82,"W",142,154,,284,,,"DB:R全然違うわよ",,,"-"
658,2,1,"2WD",5,1,83,"足元雰囲気温度25℃、35℃到達時間",148,158,,286,"FOOT吹出温〇℃",149,,,,"-"
659,2,1,"2WD",5,1,83,"足元雰囲気温度25℃、35℃到達時間",148,158,,287,"FOOT風量
〇m3/min",149,,,,"-"
660,2,1,"2WD",5,1,83,"足元雰囲気温度25℃、35℃到達時間",148,159,,288,,,,,,"-"
661,2,1,"2WD",5,1,83,"足元雰囲気温度25℃、35℃到達時間",148,160,,289,"
蹴られ率〇%以下",,,,,"-"
662,2,1,"2WD",5,1,83,"足元雰囲気温度25℃、35℃到達時間",148,160,,290,"風速〇m/s以上が〇点以上",150,,,,"-"
663,2,1,"2WD",5,2,84,,,161,,291,"〇kw",149,,"662",,"-"
664,2,1,"2WD",5,2,84,,,162,,292,"〇kg/h",149,,"662",,"-"
665,2,1,"2WD",5,2,84,,,,,293,"〇kw",149,,"662",,"-"
666,2,1,"2WD",5,2,84,,,163,,294,"〇L/min",149,,"662",,"-"
667,2,1,"2WD",5,2,84,,,164,,295,"〇℃",149,,"662",,"-"
668,2,1,"2WD",5,2,84,,,164,,296,"〇℃",149,,"662",,"-"
669,2,1,"2WD",5,2,84,,,164,,297,"〇℃",149,,"662",,"-"
670,2,1,"2WD",5,2,84,,,164,,298,"〇℃",149,,"662",,"-"
671,2,1,"2WD",5,2,85,,,165,,299,"〇Pa以上",151,,"663",,"-"
672,2,1,"2WD",5,2,85,,,165,,300,"〇Pa以下",151,,"663",,"-"
673,2,1,"2WD",5,3,86,"〇℃",,,,301,"〇kW以上",152,,"671",,"-"
674,2,1,"2WD",5,3,86,"〇℃",,,,302,"〇%",152,,"671",,"-"
675,2,1,"2WD",5,3,87,"〇℃",,,,303,"〇kW以上",153,,"672",,"-"
676,2,1,"2WD",5,3,87,"〇℃",,,,304,"〇%",153,"DB:つかれる","672",,"-"
677,2,1,"2WD",5,3,88,"〇L/min",,,,305,"〇Pa以下",154,,"670",,"-"
678,2,1,"2WD",5,3,88,"〇L/min",,,,306,"〇Pa以上",154,,"670",,"-"
679,2,1,"2WD",5,3,88,"〇L/min",,,,307,"〇kPa以下(Max値)",154,,"670",,"-"
680,2,1,"2WD",5,3,89,"〇℃",,,,,,,,"674",,"-"
681,2,1,"2WD",5,3,90,"〇kg/h",,,,308,"〇kg/h以上",155,,,,"-"
682,2,1,"2WD",5,3,90,"〇kg/h",,,,309,"〇Pa以下",156,,,,"-"
683,2,1,"2WD",5,3,90,"〇kg/h",,,,310,"〇Pa以下",156,,,,"-"
684,2,1,"2WD",5,3,90,"〇kg/h",,,,311,"〇Pa以下",156,,,,"-"
685,2,1,"2WD",5,3,91,"〇kw",,,,312,"〇kW以上",157,,,,"-"
686,2,1,"2WD",5,3,91,"〇kw",,,,313,"〇kW以上",157,,,,"-"
687,2,1,"2WD",5,3,92,"〇Pa以上",,,,314,"Fr:〇W以上
Rr:△W以上",,,"675",,"-"
688,2,1,"2WD",5,3,93,"〇Pa以下",,,,315,"〇Pa以下",158,,,,"-"
689,2,1,"2WD",5,3,93,"〇Pa以下",,,,316,"〇Pa以下",158,,,,"-"
690,2,1,"2WD",5,3,93,"〇Pa以下",,,,317,"〇Pa以下",158,,,,"-"
691,2,1,"2WD",5,3,94,"〇Pa以下",,,,318,,,,,,"-"
692,2,1,"2WD",5,1,95,,159,158,,286,"VENT吹出温〇℃",162,,,,"-"
693,2,1,"2WD",5,1,,,160,158,,287,"VENT風量
〇m3/min",163,,,,"-"
694,2,1,"2WD",5,1,,,160,158,,287,"VENT風量
〇m3/min",163,,,,"-"
695,2,1,"2WD",4,1,5,"加速G0.10G以上
（10sec継続可能なこと）",9,1,,4,"十分なBLSD油圧Max値",21,,,"-","-"
696,2,1,"2WD",4,1,6,"加速G0.15G以上
（10sec継続可能なこと）",10,1,,1,"D/SFT軸4輪合計 614[Nm]",13,,,"-","-"
697,2,1,"2WD",4,2,10,"Rr 842[Nm]",14,9,"Nm",5,"76[Nm]-10[sec]",,,"11","-","-"
698,2,1,"2WD",4,2,10,"Rr 842[Nm]",14,10,"rpm",6,"2392[rpm]",,,"11","-","-"
699,2,1,"2WD",5,1,98,,160,166,,319,"日射透過率〇%以下",,,,,"-"
700,2,1,"2WD",5,1,98,,160,166,,320,,,,,,"-"
701,2,1,"2WD",5,1,99,,161,160,,321,,,,,,"-"
702,2,1,"2WD",5,1,99,,161,160,,322,"
蹴られ率〇%以下",,,,,"-"
703,2,1,"2WD",5,1,99,,161,160,,323,"風速〇m/s以上が〇点以上",163,,,,"-"
704,2,1,"2WD",5,2,84,"VENT吹出温〇℃",162,167,,324,"〇℃",162,,"696",,"-"
705,2,1,"2WD",5,2,84,"VENT吹出温〇℃",162,167,,297,"〇℃",162,,"696",,"-"
706,2,1,"2WD",5,2,84,"VENT吹出温〇℃",162,167,,325,"〇℃",162,,"696",,"-"
707,2,1,"2WD",5,2,84,"VENT吹出温〇℃",162,168,,292,"〇kg/h",162,,"696",,"-"
708,2,1,"2WD",5,2,84,"VENT吹出温〇℃",162,169,,293,"〇kw",162,,"696",,"-"
709,2,1,"2WD",5,2,84,"VENT吹出温〇℃",164,169,,,,,,,,"-"
710,2,1,"2WD",5,2,85,"VENT風量
〇m3/min",163,170,,299,"〇Pa以上",163,,"697",,"-"
711,2,1,"2WD",5,2,85,"VENT風量
〇m3/min",163,170,,300,"〇Pa以下",163,,"697",,"-"
712,2,1,"2WD",5,3,100,"〇℃",162,167,,326,"〇kW以上",165,,"704",,"-"
713,2,1,"2WD",5,3,101,"〇℃",162,,,,,,,"706",,"-"
714,2,1,"2WD",5,3,90,,162,,,308,"〇kg/h以上",155,,,,"-"
715,2,1,"2WD",5,3,90,,162,,,309,"〇Pa以下",156,,,,"-"
716,2,1,"2WD",5,3,90,,162,,,327,"〇Pa以下",156,,,,"-"
717,2,1,"2WD",5,3,90,,162,,,311,"〇Pa以下",156,,,,"-"
718,2,1,"2WD",5,3,102,,162,,,328,"〇kW以上",157,,,,"-"
719,2,1,"2WD",5,3,102,,162,,,329,"〇kPa以下(Max値)",154,,,,"-"
720,2,1,"2WD",5,3,102,,162,,,307,"〇kPa以下(Max値)",154,,,,"-"
721,2,1,"2WD",5,3,102,,162,,,330,"〇kPa以下(Max値)",154,,,,"-"
722,2,1,"2WD",5,3,92,"〇Pa以上",163,,,314,"Fr:〇W以上
Rr:△W以上",,,"710",,"-"
723,2,1,"2WD",5,3,103,"〇Pa以下",163,,,315,"〇Pa以下",158,,"711",,"-"
724,2,1,"2WD",5,3,103,"〇Pa以下",163,,,316,"〇Pa以下",158,,"711",,"-"
725,2,1,"2WD",5,3,103,"〇Pa以下",163,,,317,"〇Pa以下",158,,"711",,"-"
