1,2,1,"2WD",1,2,104,,,32,,47,"%",,"e-power","38",,"-"
2,2,1,"2WD",1,2,104,"○○％",,33,,48,"%",,"e-power","38",,"-"
3,2,1,"2WD",1,2,104,"○○％",,33,,49,"%",41,"e-power","38",,"-"
4,2,1,"2WD",1,2,104,"○○％",,34,"0.869",50,"○○%",,,"38",,"-"
5,2,1,"2WD",1,2,104,"○○％",,34,"0.869",51,"○○%",42,,"38",,"-"
6,2,1,"2WD",1,2,104,"○○％",,35,"0.868",52,"○○%",,,"38",,"-"
7,2,1,"2WD",1,2,104,"○○％",,35,"0.868",53,"○○%",42,,"38",,"-"
8,2,1,"2WD",1,2,104,"○○％",,36,,54,"○○%",42,"e-Power
発電","38",,"-"
9,2,1,"2WD",1,2,104,"○○％",,36,,55,"○○%",43,,"38",,"-"
10,2,1,"2WD",1,2,105,"0.3G",,37,,56,,44,"回生時の最大トルク、最高出力","35",,"-"
11,2,1,"2WD",1,2,106,"○○kJ",,34,"0.863",50,"○○%",,,"34",,"-"
12,2,1,"2WD",1,2,106,"○○kJ",,34,"0.863",51,"○○%",42,,"34",,"-"
13,2,1,"2WD",1,2,106,"○○kJ",,35,"0.871",52,"○○%",,,"34",,"-"
14,2,1,"2WD",1,2,106,"○○kJ",,35,"0.871",53,"○○%",42,,"34",,"-"
15,2,1,"2WD",1,2,106,"○○kJ",,36,,54,"0.98",43,"回生","34",,"-"
16,2,1,"2WD",1,2,107,"25kWh",,38,,57,"0.98",43,"BEV
充電器からの充電効率","36",,"-"
17,2,1,"2WD",1,2,107,"25kWh",,38,,58,"22kWh",43,"BEV
AEと企画で決まる","36",,"-"
18,2,1,"2WD",1,2,107,"25kWh",,38,,59,"○○",,"BEV","36",,"-"
19,2,1,"2WD",1,2,108,"25kWh",,38,,60,"○○",,"BEV
AEで決まる","36",,"-"
20,2,1,"2WD",1,2,108,"3kWh",,39,,61,"10W",,"BEV","37",,"-"
21,2,1,"2WD",1,2,108,"3kWh",,39,,62,"60W",,"BEV","37",,"-"
22,2,1,"2WD",1,1,103,"200km以上",39,28,"7441kJ",30,"1237kg",,,,,"-"
23,2,1,"2WD",1,1,103,"200km以上",39,28,"7441kJ",31,"0.409",,,,,"-"
24,2,1,"2WD",1,1,103,"200km以上",39,28,"7441kJ",32,"2.21m^2",,,,,"-"
25,2,1,"2WD",1,1,103,"200km以上",39,28,"7441kJ",33,"7.2",40,,,,"-"
26,2,1,"2WD",1,1,103,"200km以上",39,28,"7441kJ",34,"1.75Nm/Veh",,,,,"-"
27,2,1,"2WD",1,1,103,"200km以上",39,28,"7441kJ",35,"2Nm/Veh",,,,,"-"
28,2,1,"2WD",1,1,103,"200km以上",39,28,"7441kJ",36,"○○Nm",,,,,"-"
29,2,1,"2WD",1,1,103,"200km以上",39,29,"○○kJ",37,"227W",,,,,"-"
30,2,1,"2WD",1,1,103,"200km以上",39,29,"○○kJ",38,"0.87",,,,,"-"
31,2,1,"2WD",1,1,103,"200km以上",39,29,"○○kJ",39,"0W",,,,,"-"
32,2,1,"2WD",1,1,103,"200km以上",39,30,"○○kJ",40,"2831kJ",,,,,"-"
33,2,1,"2WD",1,1,103,"200km以上",39,30,"○○kJ",41,"○○kJ",,,,,"-"
34,2,1,"2WD",1,1,103,"200km以上",39,30,"○○kJ",42,"○○kJ",,,,,"-"
35,2,1,"2WD",1,1,103,"200km以上",39,30,"○○kJ",43,"0.3G",,,,,"-"
36,2,1,"2WD",1,1,103,"200km以上",39,31,"○○kJ",44,"25kWh",,"BEV",,,"-"
37,2,1,"2WD",1,1,103,"200km以上",39,31,"○○kJ",45,"3kWh",,"BEV",,,"-"
38,2,1,"2WD",1,1,103,"200km以上",39,31,"○○kJ",46,"○○％",,,,,"-"
39,2,1,"2WD",2,1,11,"4WD:130km/h",47,57,"最大値",89,"○○kW",,"駆動力(P)＝
モータトルク(Tm)×ギヤ比×伝達効率÷タイヤの動荷重半径",,,"-"
40,2,1,"2WD",2,1,11,"2WD:130km/h",47,57,"最大値",89,"○○kW",,"時系列データ
電流Profile(最高速)",,,"-"
41,2,1,"2WD",2,1,12,"ヒルホールドできること",48,,"最大値",90,"○○Nm×sec",63,"時系列データ
電流Profile(最高速)",,,"-"
42,2,1,"2WD",2,1,12,"10sec以内に10m上れること",49,,"最大値",90,"○○Nm×sec",64,"時系列データ
電流Profile(最高速)",,,"-"
43,2,1,"2WD",2,1,13,"10cm高さの縁石乗り越え可能なこと",50,,"最大値",90,"○○Nm×sec",,"時系列データ
電流Profile(最高速)",,,"-"
44,2,1,"2WD",2,1,14,"40-60mph：18.0sec以内",51,,"最大値",90,"○○Nm×sec",,"時系列データ
電流Profile(最高速)",,,"-"
45,2,1,"2WD",2,1,14,"0-30mph：12.0sec以内",51,,"最大値",90,"○○Nm×sec",,"時系列データ
電流Profile(最高速)",,,"-"
46,2,1,"2WD",2,1,14,"0-60mph：30.0sec以内",51,,"最大値",90,"○○Nm×sec",,"時系列データ
電流Profile(最高速)",,,"-"
47,2,1,"2WD",2,1,14,"最大トレーラー重量　㎏",54,,"最大値",90,"○○Nm",,"時系列データ
電流Profile(最高速)",,,"-"
48,2,1,"2WD",2,1,14,"発進可能であること(前進・後進)",53,,"最大値",90,"○○Nm",,"時系列データ
電流Profile(最高速)",,,"-"
49,2,1,"2WD",2,1,14,"5分間で5回繰り返し発進可能なこと",56,,"最大値",90,"○○Nm×sec",,"時系列データ
電流Profile(最高速)",,,"-"
50,2,1,"2WD",2,1,14,"5分以内で、発進~5m進んで停止を5回繰り返す(前進・後進)",52,,"最大値",90,"○○Nm×sec",,"時系列データ
電流Profile(最高速)",,,"-"
51,2,1,"2WD",2,1,14,"最低車速：40mph以上",55,,"最大値",90,"○○Nm",,"時系列データ
電流Profile(最高速)",,,"-"
52,2,1,"2WD",2,1,15,"○○sec",57,,,91,"○○Nm×sec",,,,,"-"
53,2,1,"2WD",2,1,16,"≦4.2sec",58,,,91,"○○Nm×sec",,,,,"-"
54,2,1,"2WD",2,1,17,"≦15sec",59,,,91,"○○Nm×sec",,,,,"-"
55,2,1,"2WD",2,1,18,"〇〇sec",60,,,91,"○○Nm×sec",,,,,"-"
56,2,1,"2WD",2,1,19,"○○sec",60,,,92,"1715Nm",,,,,"-"
57,2,1,"2WD",2,1,20,"0.38G",60,,,92,"1715Nm",,,,,"-"
58,2,1,"2WD",2,1,21,"○○G/sec",60,,,92,"1715Nm",,,,,"-"
59,2,1,"2WD",2,1,22,"○○sec",60,58,,93,"6628Nm/sec",,"e-power",,,"-"
60,2,1,"2WD",2,1,23,"○○sec",60,58,,93,"6628Nm/sec",,"e-power",,,"-"
61,2,1,"2WD",2,1,24,"燃費要求から決定
（トーイング以外）",60,59,"kW",31,"○○",,"転がり抵抗＝RRC x W[kg]×g

空気抵抗＝1/2×Cd×σ[kg/m3]×A[m2]×ｖ2[m/s]2

勾配抵抗＝W[kg]×g[9.8m/s2]×sinθ

加速抵抗＝α[m/s2]×(W[kg]＋等価慣性重量[kg])",,,"-"
62,2,1,"2WD",2,1,24,"燃費要求から決定
（トーイング以外）",60,59,"kW",32,"○○m^2",,"転がり抵抗＝RRC x W[kg]×g

空気抵抗＝1/2×Cd×σ[kg/m3]×A[m2]×ｖ2[m/s]2

勾配抵抗＝W[kg]×g[9.8m/s2]×sinθ

加速抵抗＝α[m/s2]×(W[kg]＋等価慣性重量[kg])",,,"-"
63,2,1,"2WD",2,1,24,"燃費要求から決定
（トーイング以外）",60,60,"kW",38,"○○%",,,,,"-"
64,2,1,"2WD",2,1,24,"燃費要求から決定
（トーイング以外）",60,59,"kW",94,"1247kg",,"転がり抵抗＝RRC x W[kg]×g

空気抵抗＝1/2×Cd×σ[kg/m3]×A[m2]×ｖ2[m/s]2

勾配抵抗＝W[kg]×g[9.8m/s2]×sinθ

加速抵抗＝α[m/s2]×(W[kg]＋等価慣性重量[kg])",,,"-"
65,2,1,"2WD",2,1,24,"燃費要求から決定
（トーイング以外）",60,59,"kW",95,"タイヤ径:0.271 m
μ:0.0692 N/kg",,"転がり抵抗＝RRC x W[kg]×g

空気抵抗＝1/2×Cd×σ[kg/m3]×A[m2]×ｖ2[m/s]2

勾配抵抗＝W[kg]×g[9.8m/s2]×sinθ

加速抵抗＝α[m/s2]×(W[kg]＋等価慣性重量[kg])",,,"-"
66,2,1,"2WD",2,1,24,"燃費要求から決定
（トーイング以外）",60,59,"kW",96,"○○kW",,"転がり抵抗＝RRC x W[kg]×g

空気抵抗＝1/2×Cd×σ[kg/m3]×A[m2]×ｖ2[m/s]2

勾配抵抗＝W[kg]×g[9.8m/s2]×sinθ

加速抵抗＝α[m/s2]×(W[kg]＋等価慣性重量[kg])",,,"-"
67,2,1,"2WD",2,1,24,"燃費要求から決定
（トーイング以外）",60,59,"kW",97,"㎏",,"転がり抵抗＝RRC x W[kg]×g

空気抵抗＝1/2×Cd×σ[kg/m3]×A[m2]×ｖ2[m/s]2

勾配抵抗＝W[kg]×g[9.8m/s2]×sinθ

加速抵抗＝α[m/s2]×(W[kg]＋等価慣性重量[kg])",,,"-"
68,2,1,"2WD",2,1,24,"燃費要求から決定
（トーイング以外）",60,60,"kW",98,"○○kW",,,,,"-"
69,2,1,"2WD",2,1,24,"燃費要求から決定
（トーイング以外）",60,60,"kW",99,"○○kW",,"A/C消費電力（A/C、ブロアファン、モータファン、コンプレッサ含む）",,,"-"
70,2,1,"2WD",2,1,25,"○○km/h",61,61,,100,"○○rpm",61,,,,"-"
71,2,1,"2WD",2,1,26,"○○km/h",62,61,,100,"○○rpm",62,,,,"-"
72,2,1,"2WD",2,2,27,"○○kW",,63,"V",60,"○○",,"AEで決まる","39,40",,"-"
73,2,1,"2WD",2,2,27,"○○kW",,62,"kW",101,"135Nm",65,"Motor最高出力 [kW]","39,40",,"-"
74,2,1,"2WD",2,2,27,"○○kW",,62,"kW",102,"31kW",65,"Motor最高出力 [kW]","39,40",,"-"
75,2,1,"2WD",2,2,27,"○○kW",,62,"kW",103,"16196rpm",,"MOT前提条件","39,40",,"-"
76,2,1,"2WD",2,2,27,"○○kW",,62,"kW",104,"○○rpm",66,,"39,40",,"-"
77,2,1,"2WD",2,2,27,"○○kW",,63,"V",105,"○○",,"企画で決まる","39,40",,"-"
78,2,1,"2WD",2,2,27,"○○kW",,63,"V",106,"○○kW×sec",43,"Batt容量はBEVは電費、e-Powerは動力で決まる
電流Profile(最高速)","39,40",,"-"
79,2,1,"2WD",2,2,27,"○○kW",,64,"kW",107,"Nm",67,"e-power","39,40",,"-"
80,2,1,"2WD",2,2,27,"○○kW",,64,"kW",108,"rpm",,"e-power","39,40",,"-"
81,2,1,"2WD",2,2,27,"○○kW",,64,"kW",109,"rpm",,"e-power
MOT前提条件","39,40",,"-"
82,2,1,"2WD",2,2,27,"○○kW",,64,"kW",110,"kW",68,"e-power
時系列データ","39,40",,"-"
83,2,1,"2WD",2,2,27,"○○kW",,64,"kW",111,"kW",,"e-power
DB:L名変更しました","39,40",,"-"
84,2,1,"2WD",2,2,27,"○○kW",,65,"kW",112,"kW-rpm",69,"e-power
MOT前提条件","39,40",,"-"
85,2,1,"2WD",2,2,27,"○○kW",,65,"kW",113,"Nm-rpm",,"e-power","39,40",,"-"
86,2,1,"2WD",2,2,27,"○○kW",,66,,114,,,"e-power","39,40",,"-"
87,2,1,"2WD",2,2,27,"○○kW",,67,"○○kWh",115,"○○kWh",43,"e-power
DS最高出力で決まるBatteryからのAssist量","39,40",,"-"
88,2,1,"2WD",2,2,28,"○○Nm",,68,"○○Nm",116,"○○Nm×sec",70,"時系列データ","56,57,58",,"-"
89,2,1,"2WD",2,2,29,"○○Nm×sec",,69,"○○",117,"12.728",,"FR-RR　周波数離間率　4%以上
FR：9.328の場合
RR：9.701以上、もしくは8.955以下","52,53,54,55",,"-"
90,2,1,"2WD",2,2,29,"○○Nm×sec",,69,"○○",117,"11.136",,"FR-RR　周波数離間率　4%以上
FR：9.328の場合
RR：9.701以上、もしくは8.955以下","52,53,54,55",,"-"
91,2,1,"2WD",2,2,30,"○○rpm",61,70,"○○rpm",118,"○○rpm",61,,"61",,"-"
92,2,1,"2WD",2,2,30,"○○rpm",62,70,"○○rpm",118,"○○rpm",62,,"62",,"-"
93,2,1,"2WD",2,2,30,"○○rpm",61,71,"○○",118,"○○rpm",61,,"61",,"-"
94,2,1,"2WD",2,2,30,"○○rpm",62,71,"○○",118,"○○rpm",62,,"62",,"-"
