1,2,1,"2WD",1,2,104,,,32,,47,"%",,"e-power","38",,"-"
2,2,1,"2WD",1,2,104,"○○％",,33,,48,"%",,"e-power","38",,"-"
3,2,1,"2WD",1,2,104,"○○％",,33,,49,"%",41,"e-power","38",,"-"
4,2,1,"2WD",1,2,104,"○○％",,34,"0.869",50,"○○%",,,"38",,"-"
5,2,1,"2WD",1,2,104,"○○％",,34,"0.869",51,"○○%",42,,"38",,"-"
6,2,1,"2WD",1,2,104,"○○％",,35,"0.868",52,"○○%",,,"38",,"-"
7,2,1,"2WD",1,2,104,"○○％",,35,"0.868",53,"○○%",42,,"38",,"-"
8,2,1,"2WD",1,2,104,"○○％",,36,,54,"○○%",42,"e-Power
発電","38",,"-"
9,2,1,"2WD",1,2,104,"○○％",,36,,55,"○○%",43,,"38",,"-"
10,2,1,"2WD",1,2,105,"0.3G",,37,,56,,44,"回生時の最大トルク、最高出力","35",,"-"
11,2,1,"2WD",1,2,106,"○○kJ",,34,"0.863",50,"○○%",,,"34",,"-"
12,2,1,"2WD",1,2,106,"○○kJ",,34,"0.863",51,"○○%",42,,"34",,"-"
13,2,1,"2WD",1,2,106,"○○kJ",,35,"0.871",52,"○○%",,,"34",,"-"
14,2,1,"2WD",1,2,106,"○○kJ",,35,"0.871",53,"○○%",42,,"34",,"-"
15,2,1,"2WD",1,2,106,"○○kJ",,36,,54,"0.98",43,"回生","34",,"-"
16,2,1,"2WD",1,2,107,"25kWh",,38,,57,"0.98",43,"BEV
充電器からの充電効率","36",,"-"
17,2,1,"2WD",1,2,107,"25kWh",,38,,58,"22kWh",43,"BEV
AEと企画で決まる","36",,"-"
18,2,1,"2WD",1,2,107,"25kWh",,38,,59,"○○",,"BEV","36",,"-"
19,2,1,"2WD",1,2,108,"25kWh",,38,,60,"○○",,"BEV
AEで決まる","36",,"-"
20,2,1,"2WD",1,2,108,"3kWh",,39,,61,"10W",,"BEV","37",,"-"
21,2,1,"2WD",1,2,108,"3kWh",,39,,62,"60W",,"BEV","37",,"-"
22,2,1,"2WD",1,1,103,"200km以上",39,28,"7441kJ",30,"1237kg",,,,,"-"
23,2,1,"2WD",1,1,103,"200km以上",39,28,"7441kJ",31,"0.409",,,,,"-"
24,2,1,"2WD",1,1,103,"200km以上",39,28,"7441kJ",32,"2.21m^2",,,,,"-"
25,2,1,"2WD",1,1,103,"200km以上",39,28,"7441kJ",33,"7.2",40,,,,"-"
26,2,1,"2WD",1,1,103,"200km以上",39,28,"7441kJ",34,"1.75Nm/Veh",,,,,"-"
27,2,1,"2WD",1,1,103,"200km以上",39,28,"7441kJ",35,"2Nm/Veh",,,,,"-"
28,2,1,"2WD",1,1,103,"200km以上",39,28,"7441kJ",36,"○○Nm",,,,,"-"
29,2,1,"2WD",1,1,103,"200km以上",39,29,"○○kJ",37,"227W",,,,,"-"
30,2,1,"2WD",1,1,103,"200km以上",39,29,"○○kJ",38,"0.87",,,,,"-"
31,2,1,"2WD",1,1,103,"200km以上",39,29,"○○kJ",39,"0W",,,,,"-"
32,2,1,"2WD",1,1,103,"200km以上",39,30,"○○kJ",40,"2831kJ",,,,,"-"
33,2,1,"2WD",1,1,103,"200km以上",39,30,"○○kJ",41,"○○kJ",,,,,"-"
34,2,1,"2WD",1,1,103,"200km以上",39,30,"○○kJ",42,"○○kJ",,,,,"-"
35,2,1,"2WD",1,1,103,"200km以上",39,30,"○○kJ",43,"0.3G",,,,,"-"
36,2,1,"2WD",1,1,103,"200km以上",39,31,"○○kJ",44,"25kWh",,"BEV",,,"-"
37,2,1,"2WD",1,1,103,"200km以上",39,31,"○○kJ",45,"3kWh",,"BEV",,,"-"
38,2,1,"2WD",1,1,103,"200km以上",39,31,"○○kJ",46,"○○％",,,,,"-"
39,2,1,"2WD",2,1,11,"4WD:130km/h",47,57,"最大値",89,"○○kW",,"駆動力(P)＝
モータトルク(Tm)×ギヤ比×伝達効率÷タイヤの動荷重半径",,,"-"
40,2,1,"2WD",2,1,11,"2WD:130km/h",47,57,"最大値",89,"○○kW",,"時系列データ
電流Profile(最高速)",,,"-"
41,2,1,"2WD",2,1,12,"ヒルホールドできること",48,,"最大値",90,"○○Nm×sec",63,"時系列データ
電流Profile(最高速)",,,"-"
42,2,1,"2WD",2,1,12,"10sec以内に10m上れること",49,,"最大値",90,"○○Nm×sec",64,"時系列データ
電流Profile(最高速)",,,"-"
43,2,1,"2WD",2,1,13,"10cm高さの縁石乗り越え可能なこと",50,,"最大値",90,"○○Nm×sec",,"時系列データ
電流Profile(最高速)",,,"-"
44,2,1,"2WD",2,1,14,"40-60mph：18.0sec以内",51,,"最大値",90,"○○Nm×sec",,"時系列データ
電流Profile(最高速)",,,"-"
45,2,1,"2WD",2,1,14,"0-30mph：12.0sec以内",51,,"最大値",90,"○○Nm×sec",,"時系列データ
電流Profile(最高速)",,,"-"
46,2,1,"2WD",2,1,14,"0-60mph：30.0sec以内",51,,"最大値",90,"○○Nm×sec",,"時系列データ
電流Profile(最高速)",,,"-"
47,2,1,"2WD",2,1,14,"最大トレーラー重量　㎏",54,,"最大値",90,"○○Nm",,"時系列データ
電流Profile(最高速)",,,"-"
48,2,1,"2WD",2,1,14,"発進可能であること(前進・後進)",53,,"最大値",90,"○○Nm",,"時系列データ
電流Profile(最高速)",,,"-"
49,2,1,"2WD",2,1,14,"5分間で5回繰り返し発進可能なこと",56,,"最大値",90,"○○Nm×sec",,"時系列データ
電流Profile(最高速)",,,"-"
50,2,1,"2WD",2,1,14,"5分以内で、発進~5m進んで停止を5回繰り返す(前進・後進)",52,,"最大値",90,"○○Nm×sec",,"時系列データ
電流Profile(最高速)",,,"-"
51,2,1,"2WD",2,1,14,"最低車速：40mph以上",55,,"最大値",90,"○○Nm",,"時系列データ
電流Profile(最高速)",,,"-"
52,2,1,"2WD",2,1,15,"○○sec",57,,,91,"○○Nm×sec",,,,,"-"
53,2,1,"2WD",2,1,16,"≦4.2sec",58,,,91,"○○Nm×sec",,,,,"-"
54,2,1,"2WD",2,1,17,"≦15sec",59,,,91,"○○Nm×sec",,,,,"-"
55,2,1,"2WD",2,1,18,"〇〇sec",60,,,91,"○○Nm×sec",,,,,"-"
56,2,1,"2WD",2,1,19,"○○sec",60,,,92,"1715Nm",,,,,"-"
57,2,1,"2WD",2,1,20,"0.38G",60,,,92,"1715Nm",,,,,"-"
58,2,1,"2WD",2,1,21,"○○G/sec",60,,,92,"1715Nm",,,,,"-"
59,2,1,"2WD",2,1,22,"○○sec",60,58,,93,"6628Nm/sec",,"e-power",,,"-"
60,2,1,"2WD",2,1,23,"○○sec",60,58,,93,"6628Nm/sec",,"e-power",,,"-"
61,2,1,"2WD",2,1,24,"燃費要求から決定
（トーイング以外）",60,59,"kW",31,"○○",,"転がり抵抗＝RRC x W[kg]×g

空気抵抗＝1/2×Cd×σ[kg/m3]×A[m2]×ｖ2[m/s]2

勾配抵抗＝W[kg]×g[9.8m/s2]×sinθ

加速抵抗＝α[m/s2]×(W[kg]＋等価慣性重量[kg])",,,"-"
62,2,1,"2WD",2,1,24,"燃費要求から決定
（トーイング以外）",60,59,"kW",32,"○○m^2",,"転がり抵抗＝RRC x W[kg]×g

空気抵抗＝1/2×Cd×σ[kg/m3]×A[m2]×ｖ2[m/s]2

勾配抵抗＝W[kg]×g[9.8m/s2]×sinθ

加速抵抗＝α[m/s2]×(W[kg]＋等価慣性重量[kg])",,,"-"
63,2,1,"2WD",2,1,24,"燃費要求から決定
（トーイング以外）",60,60,"kW",38,"○○%",,,,,"-"
64,2,1,"2WD",2,1,24,"燃費要求から決定
（トーイング以外）",60,59,"kW",94,"1247kg",,"転がり抵抗＝RRC x W[kg]×g

空気抵抗＝1/2×Cd×σ[kg/m3]×A[m2]×ｖ2[m/s]2

勾配抵抗＝W[kg]×g[9.8m/s2]×sinθ

加速抵抗＝α[m/s2]×(W[kg]＋等価慣性重量[kg])",,,"-"
65,2,1,"2WD",2,1,24,"燃費要求から決定
（トーイング以外）",60,59,"kW",95,"タイヤ径:0.271 m
μ:0.0692 N/kg",,"転がり抵抗＝RRC x W[kg]×g

空気抵抗＝1/2×Cd×σ[kg/m3]×A[m2]×ｖ2[m/s]2

勾配抵抗＝W[kg]×g[9.8m/s2]×sinθ

加速抵抗＝α[m/s2]×(W[kg]＋等価慣性重量[kg])",,,"-"
66,2,1,"2WD",2,1,24,"燃費要求から決定
（トーイング以外）",60,59,"kW",96,"○○kW",,"転がり抵抗＝RRC x W[kg]×g

空気抵抗＝1/2×Cd×σ[kg/m3]×A[m2]×ｖ2[m/s]2

勾配抵抗＝W[kg]×g[9.8m/s2]×sinθ

加速抵抗＝α[m/s2]×(W[kg]＋等価慣性重量[kg])",,,"-"
67,2,1,"2WD",2,1,24,"燃費要求から決定
（トーイング以外）",60,59,"kW",97,"㎏",,"転がり抵抗＝RRC x W[kg]×g

空気抵抗＝1/2×Cd×σ[kg/m3]×A[m2]×ｖ2[m/s]2

勾配抵抗＝W[kg]×g[9.8m/s2]×sinθ

加速抵抗＝α[m/s2]×(W[kg]＋等価慣性重量[kg])",,,"-"
68,2,1,"2WD",2,1,24,"燃費要求から決定
（トーイング以外）",60,60,"kW",98,"○○kW",,,,,"-"
69,2,1,"2WD",2,1,24,"燃費要求から決定
（トーイング以外）",60,60,"kW",99,"○○kW",,"A/C消費電力（A/C、ブロアファン、モータファン、コンプレッサ含む）",,,"-"
70,2,1,"2WD",2,1,25,"○○km/h",61,61,,100,"○○rpm",61,,,,"-"
71,2,1,"2WD",2,1,26,"○○km/h",62,61,,100,"○○rpm",62,,,,"-"
72,2,1,"2WD",2,2,27,"○○kW",,63,"V",60,"○○",,"AEで決まる","39,40",,"-"
73,2,1,"2WD",2,2,27,"○○kW",,62,"kW",101,"135Nm",65,"Motor最高出力 [kW]","39,40",,"-"
74,2,1,"2WD",2,2,27,"○○kW",,62,"kW",102,"31kW",65,"Motor最高出力 [kW]","39,40",,"-"
75,2,1,"2WD",2,2,27,"○○kW",,62,"kW",103,"16196rpm",,"MOT前提条件","39,40",,"-"
76,2,1,"2WD",2,2,27,"○○kW",,62,"kW",104,"○○rpm",66,,"39,40",,"-"
77,2,1,"2WD",2,2,27,"○○kW",,63,"V",105,"○○",,"企画で決まる","39,40",,"-"
78,2,1,"2WD",2,2,27,"○○kW",,63,"V",106,"○○kW×sec",43,"Batt容量はBEVは電費、e-Powerは動力で決まる
電流Profile(最高速)","39,40",,"-"
79,2,1,"2WD",2,2,27,"○○kW",,64,"kW",107,"Nm",67,"e-power","39,40",,"-"
80,2,1,"2WD",2,2,27,"○○kW",,64,"kW",108,"rpm",,"e-power","39,40",,"-"
81,2,1,"2WD",2,2,27,"○○kW",,64,"kW",109,"rpm",,"e-power
MOT前提条件","39,40",,"-"
82,2,1,"2WD",2,2,27,"○○kW",,64,"kW",110,"kW",68,"e-power
時系列データ","39,40",,"-"
83,2,1,"2WD",2,2,27,"○○kW",,64,"kW",111,"kW",,"e-power
DB:L名変更しました","39,40",,"-"
84,2,1,"2WD",2,2,27,"○○kW",,65,"kW",112,"kW-rpm",69,"e-power
MOT前提条件","39,40",,"-"
85,2,1,"2WD",2,2,27,"○○kW",,65,"kW",113,"Nm-rpm",,"e-power","39,40",,"-"
86,2,1,"2WD",2,2,27,"○○kW",,66,,114,,,"e-power","39,40",,"-"
87,2,1,"2WD",2,2,27,"○○kW",,67,"○○kWh",115,"○○kWh",43,"e-power
DS最高出力で決まるBatteryからのAssist量","39,40",,"-"
88,2,1,"2WD",2,2,28,"○○Nm",,68,"○○Nm",116,"○○Nm×sec",70,"時系列データ","56,57,58",,"-"
89,2,1,"2WD",2,2,29,"○○Nm×sec",,69,"○○",117,"12.728",,"FR-RR　周波数離間率　4%以上
FR：9.328の場合
RR：9.701以上、もしくは8.955以下","52,53,54,55",,"-"
90,2,1,"2WD",2,2,29,"○○Nm×sec",,69,"○○",117,"11.136",,"FR-RR　周波数離間率　4%以上
FR：9.328の場合
RR：9.701以上、もしくは8.955以下","52,53,54,55",,"-"
91,2,1,"2WD",2,2,30,"○○rpm",61,70,"○○rpm",118,"○○rpm",61,,"61",,"-"
92,2,1,"2WD",2,2,30,"○○rpm",62,70,"○○rpm",118,"○○rpm",62,,"62",,"-"
93,2,1,"2WD",2,2,30,"○○rpm",61,71,"○○",118,"○○rpm",61,,"61",,"-"
94,2,1,"2WD",2,2,30,"○○rpm",62,71,"○○",118,"○○rpm",62,,"62",,"-"
95,2,1,"2WD",3,1,32,,,22,,20,,,,,,"-"
96,2,1,"2WD",3,1,49,"保証基準",,16,,10,"振動応力40MPa以下
(粗メッシュ：振動応力≦20MPa)",,,,,"-"
97,2,1,"2WD",3,2,109,"振動応力40MPa以下
(粗メッシュ：振動応力≦20MPa)",,40,,63,"＞310Hz",,,"96",,"-"
98,2,1,"2WD",3,2,110,"MTG振動レベル(先端二乗和)：

40Nm 24次
MTG BRKT先端振動≦-12dB (0dB=1μm)
LWR T/ROD BRKT先端振動　-20dB　(0dB=1μm)",,41,,64,"本体振動
モーター単体振動　H24=0.048μm　H48=0.024μm(P33B目標値)

24次接線方向振動0.095?（ステーターねじり固有値の1200Hz付近で）
48次接線方向振動0.020?（ステーターねじり固有値の1200Hz付近で）
48次面直方向振動0.1?（ステーター円環固有値6500Hz付近）",,"管理点は協議の上決める事","95?",,"-"
99,2,1,"2WD",3,2,110,,,42,,67,"＜ポジションギヤノイズ＞
減速機開発台上振動　POSギヤノイズ評価点上下振動片振幅
21次　
80Nm 振動≦0.08μm（ただし、1.3k-1.8kHzで振動≦0.12μm）
-40Nm 振動≦0.08μm（ただし、1.3-1.8kHzで振動≦0.17μｍ）",46,"管理点は協議の上決める事","95?",,"-"
100,2,1,"2WD",3,2,110,,,42,,67,"<ファイナルギヤノイズ>
減速機開発台上振動　F/Dギヤノイズ評価点上下振動片振幅
8.217次　
80Nm 振動≦0.23μm（ただし、750-1kHzで振動≦0.33μm）
-40Nm 振動≦0.23μm",46,"管理点は協議の上決める事","95?",,"-"
101,2,1,"2WD",3,2,110,,,42,,67,"<ギヤ共通>
マウント取り付け点剛性
XC2C同等以上(LH,RH,FR,それぞれ上下，前後，左右)",46,,"95?",,"-"
102,2,1,"2WD",3,2,111,"【台上音響パワーレベル】",,41,,64,,,"管理点は協議の上決める事","95?",,"-"
103,2,1,"2WD",3,2,112,"MTG振動レベル：

40Nm 24次
MTG BRKT先端振動≦-12dB (0dB=1μm)
LWR T/ROD BRKT先端振動　-20dB　(0dB=1μm)",,41,,65,"本体振動
モーター単体振動　H24=0.048μm　H48=0.024μm(P33B目標値)

24次接線方向振動0.095?（ステーターねじり固有値の1200Hz付近で）
48次接線方向振動0.020?（ステーターねじり固有値の1200Hz付近で）
48次面直方向振動0.1?（ステーター円環固有値6500Hz付近）",,"管理点は協議の上決める事","95?",,"-"
104,2,1,"2WD",3,2,112,,,42,,68,"<マウント取り付け点剛性>
XC2C同等以上(LH,RH,FR,それぞれ上下，前後，左右)",46,,"95?",,"-"
105,2,1,"2WD",3,2,112,,,42,,68,"<ファイナルギヤノイズ>
減速機開発台上振動　F/Dギヤノイズ評価点上下振動片振幅
8.217次　
80Nm 振動≦0.23μm（ただし、750-1kHzで振動≦0.33μm）
-40Nm 振動≦0.23μm",46,"管理点は協議の上決める事","95?",,"-"
106,2,1,"2WD",3,2,112,,,42,,68,"＜ポジションギヤノイズ＞
減速機開発台上振動　POSギヤノイズ評価点上下振動片振幅
21次　
80Nm 振動≦0.08μm（ただし、1.3k-1.8kHzで振動≦0.12μm）
-40Nm 振動≦0.08μm（ただし、1.3-1.8kHzで振動≦0.17μｍ）",46,"管理点は協議の上決める事","95?",,"-"
107,2,1,"2WD",3,2,112,,,42,,88,"動剛性、重量、固有値
Xc2C同等以上(LH,RH,FR,それぞれ上下，前後，左右)",,,"95?",,"-"
108,2,1,"2WD",3,2,113,"ePT台上放射音目標レベル:",,41,,65,,,"管理点は協議の上決める事","95?",,"-"
109,2,1,"2WD",3,2,114,,,41,,64,"モータ管理点振動レベル(8次）

モーター径方向振動≦0.23μm",,"管理点は協議の上決める事","95?",,"-"
110,2,1,"2WD",3,2,115,,,41,,65,"モータ管理点振動レベル(8次）

モーター径方向振動≦0.23μm",,"管理点は協議の上決める事","95?",,"-"
111,2,1,"2WD",3,2,,,,41,,66,,45,,"95?",,"-"
112,2,1,"2WD",3,2,116,"無き事",,43,"無き事",72,"評点3.5点以上",,"System状態で発生する現象であり単体管理不可の為、寸法関連の要求あり。
使い方要求も抜け漏れ防止の為記載あり。","95?",,"-"
113,2,1,"2WD",3,2,117,"無き事",,44,"無き事",73,"評点3.5点以上
ＦＤケース左右ケース振動　26dB以下　(0ｄＢ=１m/s^2)
モーターガタ詰めトルク≦8Nm 減速機エンドプレー≦0.1８㎜",,"System状態で発生する現象であり単体管理不可の為、寸法関連の要求あり。
使い方要求も抜け漏れ防止の為記載あり。","95?",,"-"
114,2,1,"2WD",3,2,117,"無き事",,44,"無き事",74,"評点3.5点以上
ＦＤケース左右ケース振動　26dB以下　(0ｄＢ=１m/s^2)
モーターガタ詰めトルク≦8Nm 減速機エンドプレー≦0.1８㎜",,"System状態で発生する現象であり単体管理不可の為、寸法関連の要求あり。
使い方要求も抜け漏れ防止の為記載あり。","95?",,"-"
115,2,1,"2WD",3,2,118,"無き事",,45,"無き事",75,"評点3.5以上",,"System状態で発生する現象であり単体管理不可の為、寸法関連の要求あり。
使い方要求も抜け漏れ防止の為記載あり。","95?",,"-"
116,2,1,"2WD",3,2,119,"無き事
各モーターMTG変位
線形域内
RH/LHの前後は10㎜
LWR前後は10㎜以上",,46,"無き事",73,"室内音　90ｄＢ以下（0ｄＢ=2*10^-5 Pa)
0Nm通過時 D/SFTトルクレート≦5700Nm/sec
0km/h　発進13500Nm/S以下",,"System状態で発生する現象であり単体管理不可の為、寸法関連の要求あり。
使い方要求も抜け漏れ防止の為記載あり。","95?",,"-"
117,2,1,"2WD",3,2,119,"無き事
各モーターMTG変位
線形域内
RH/LHの前後は10㎜
LWR前後は10㎜以上",,46,"無き事",76,"室内音　90ｄＢ以下（0ｄＢ=2*10^-5 Pa)
0Nm通過時 D/SFTトルクレート≦5700Nm/sec
0km/h　発進13500Nm/S以下",,"System状態で発生する現象であり単体管理不可の為、寸法関連の要求あり。
使い方要求も抜け漏れ防止の為記載あり。","95?",,"-"
118,2,1,"2WD",3,2,120,"P/P固有値-S/BRKT固有値離間率 30%以上",,47,"無き事",77,"P/P, S/BRKTともに、基点ユニットと同等固有値。
※ユニット形状、システムによって数値は変化する為、System検討実施の上数値更新",,"System状態で発生する現象であり単体管理不可の為、寸法関連の要求あり。
使い方要求も抜け漏れ防止の為記載あり。","95?",,"-"
119,2,1,"2WD",3,2,121,"実車スピンドル振動 40Nm D/SFT16次 -2dB (0dB=1?)",,48,"無き事",78,"アウタージョイントの起振力　28dB以下",,"System状態で発生する現象であり単体管理不可の為、寸法関連の要求あり。
使い方要求も抜け漏れ防止の為記載あり。","95?",,"-"
120,2,1,"2WD",3,2,128,"無き事",,49,"無き事",79,"ENG次数、D/SFT次数、基点ユニットと同等固有値。
※ENG気筒数、ギア比、D/SFTベアリングボール素によって数値は変化する為、System検討実施の上数値更新",,"System状態で発生する現象であり単体管理不可の為、寸法関連の要求あり。
使い方要求も抜け漏れ防止の為記載あり。","95?",,"-"
121,2,1,"2WD",3,2,122,"無き事",,50,"無き事",80,"与圧バネ荷重140N以上",,"System状態で発生する現象であり単体管理不可の為、寸法関連の要求あり。
使い方要求も抜け漏れ防止の為記載あり。","95?",,"-"
122,2,1,"2WD",3,2,123,"無き事",,51,"無き事",81,"グリスちょう度をB12P同等にする",,"System状態で発生する現象であり単体管理不可の為、寸法関連の要求あり。
使い方要求も抜け漏れ防止の為記載あり。","95?",,"-"
123,2,1,"2WD",3,2,124,"無き事",,52,"無き事",82,"減速機エンドプレー≦0.18mm",,"System状態で発生する現象であり単体管理不可の為、寸法関連の要求あり。
使い方要求も抜け漏れ防止の為記載あり。","95?",,"-"
124,2,1,"2WD",3,2,125,"無き事",,53,"無き事",83,"2軸 POS-F/Dギヤ傾き≦60μm以下",,"System状態で発生する現象であり単体管理不可の為、寸法関連の要求あり。
使い方要求も抜け漏れ防止の為記載あり。","95?",,"-"
125,2,1,"2WD",3,2,126,"無き事",,54,"無き事",84,"ローターコアのローターシャフトへの勘合構造から滑り無し",,"System状態で発生する現象であり単体管理不可の為、寸法関連の要求あり。
使い方要求も抜け漏れ防止の為記載あり。","95?",,"-"
126,2,1,"2WD",3,2,127,"無き事",,55,"無き事",85,"ラジアルガタ 0.019mm以下",,"System状態で発生する現象であり単体管理不可の為、寸法関連の要求あり。
使い方要求も抜け漏れ防止の為記載あり。","95?",,"-"
127,2,1,"2WD",3,2,127,"無き事",,55,"無き事",86,"単層バネ(ウェーブワッシャ、皿ばね等)
ベアリング与圧 454.7~756.7N",,"System状態で発生する現象であり単体管理不可の為、寸法関連の要求あり。
使い方要求も抜け漏れ防止の為記載あり。","95?",,"-"
128,2,1,"2WD",3,2,31,"無き事",,56,"無き事",87,"真円度：0.009mm以下",,"System状態で発生する現象であり単体管理不可の為、寸法関連の要求あり。
使い方要求も抜け漏れ防止の為記載あり。","95?",,"-"
129,2,1,"2WD",4,1,1,"発進5s後の到達車速24kph以上*
(10sec継続可能なこと)
*計算理論値",1,1,,1,"D/SFT軸4輪合計 1214[Nm]",13,,,"-","-"
130,2,1,"2WD",4,1,1,"発進5s後の到達車速24kph以上*
(10sec継続可能なこと)
*計算理論値",1,1,,1,"Fr 532[Nm]",14,,,"-","-"
131,2,1,"2WD",4,1,1,"発進5s後の到達車速24kph以上*
(10sec継続可能なこと)
*計算理論値",1,1,,1,"Rr 682[Nm]",14,,,"-","-"
132,2,1,"2WD",4,1,1,"ずり落ち無し",2,2,,2,"D/SFT軸4輪合計 723[Nm]",15,,,"-","-"
133,2,1,"2WD",4,1,1,"発進可能なアクセル開度30%以下",3,3,,1,"D/SFT軸4輪合計 723[Nm]",16,,,"-","-"
134,2,1,"2WD",4,1,1,"車速40kph一定速
連続走行120sec以上
（代表運転点）
(120sec継続可能なこと)",4,1,,1,"D/SFT軸4輪合計 741[Nm]",17,,,"-","-"
135,2,1,"2WD",4,1,1,"車速40kph一定速
連続走行120sec以上
（代表運転点）
(120sec継続可能なこと)",4,1,,1,"Fr 349[Nm]",14,,,"-","-"
136,2,1,"2WD",4,1,1,"車速40kph一定速
連続走行120sec以上
（代表運転点）
(120sec継続可能なこと)",4,1,,1,"Rr 391[Nm]",14,,,"-","-"
137,2,1,"2WD",4,1,2,"ずり落ち無し",,2,,2,"0",15,,,"-","-"
138,2,1,"2WD",4,1,2,"発進5s後の到達車速21kph以上
（10sec継続可能なこと）",,1,,1,"D/SFT軸4輪合計 1684[Nm]",13,,,"-","-"
139,2,1,"2WD",4,1,2,"発進可能なアクセル開度40%以下",3,3,,1,"0",16,,,"-","-"
140,2,1,"2WD",4,1,2,"発進5s後の到達車速21kph以上
（10sec継続可能なこと）",5,1,,3,"Fr 561[Nm]",18,,,"-","-"
141,2,1,"2WD",4,1,2,"発進5s後の到達車速21kph以上
（10sec継続可能なこと）",5,1,,,"Rr 561[Nm]",18,,,"-","-"
142,2,1,"2WD",4,1,2,"発進5s後の到達車速21kph以上
（10sec継続可能なこと）",5,1,,1,,14,,,"-","-"
143,2,1,"2WD",4,1,2,"発進5s後の到達車速21kph以上
（10sec継続可能なこと）",5,1,,1,"Rr 842[Nm]",14,,,"-","-"
144,2,1,"2WD",4,1,3,"発進5s後の到達車速16kph以上
（10sec継続可能なこと）",6,1,,1,"D/SFT軸4輪合計 1241[Nm]",13,,,"-","-"
145,2,1,"2WD",4,1,3,"発進5s後の到達車速16kph以上
（10sec継続可能なこと）",6,1,,1,"Fr 618[Nm]",14,,,"-","-"
146,2,1,"2WD",4,1,3,"発進5s後の到達車速16kph以上
（10sec継続可能なこと）",6,1,,1,"Rr 623[Nm]",14,,,"-","-"
147,2,1,"2WD",4,1,3,"発進5s後の到達車速16kph以上
（10sec継続可能なこと）",6,1,,4,"十分なBLSD油圧応答性",19,,,"-","-"
148,2,1,"2WD",4,1,3,"発進5s後の到達車速16kph以上
（10sec継続可能なこと）",6,1,,4,"十分なBLSD油圧Max値",19,,,"-","-"
149,2,1,"2WD",4,1,3,"車速20kph一定速
連続走行120sec以上
（代表運転点）
(120sec継続可能なこと)",7,1,,1,"D/SFT軸4輪合計 919[Nm]",20,,,"-","-"
150,2,1,"2WD",4,1,3,"車速20kph一定速
連続走行120sec以上
（代表運転点）
(120sec継続可能なこと)",7,1,,1,"Fr 478[Nm]",14,,,"-","-"
151,2,1,"2WD",4,1,3,"車速20kph一定速
連続走行120sec以上
（代表運転点）
(120sec継続可能なこと)",7,1,,1,"Rr 441[Nm]",14,,,"-","-"
152,2,1,"2WD",4,1,4,"ヨーレイト変化率0.75～1.4
加速G0.21G以上
（10sec継続可能なこと）",8,1,,1,"D/SFT軸4輪合計 1015[Nm]",13,,,"-","-"
153,2,1,"2WD",4,1,4,"ヨーレイト変化率0.75～1.4
加速G0.21G以上
（10sec継続可能なこと）",8,1,,1,"Fr 460[Nm]",14,,,"-","-"
154,2,1,"2WD",4,1,4,"ヨーレイト変化率0.75～1.4
加速G0.21G以上
（10sec継続可能なこと）",8,1,,1,"Rr 555[Nm]",14,,,"-","-"
155,2,1,"2WD",4,1,4,"ヨーレイト変化率0.75～1.4
加速G0.21G以上
（10sec継続可能なこと）",8,1,,4,"十分なBLSD油圧応答性",21,,,"-","-"
156,2,1,"2WD",4,1,4,"ヨーレイト変化率0.75～1.4
加速G0.21G以上
（10sec継続可能なこと）",8,1,,4,"十分なBLSD油圧Max値",21,,,"-","-"
157,2,1,"2WD",4,1,5,"加速G0.10G以上
（10sec継続可能なこと）",9,1,,1,"Fr 225[Nm]",14,,,"-","-"
158,2,1,"2WD",4,1,5,"加速G0.10G以上
（10sec継続可能なこと）",9,1,,1,"D/SFT軸4輪合計 453[Nm]",13,,,"-","-"
159,2,1,"2WD",4,1,5,"加速G0.10G以上
（10sec継続可能なこと）",9,1,,1,"Rr 228[Nm]",14,,,"-","-"
160,2,1,"2WD",4,1,5,"加速G0.10G以上
（10sec継続可能なこと）",9,1,,4,"十分なBLSD油圧応答性",21,,,"-","-"
161,2,1,"2WD",4,1,5,"加速G0.10G以上
（10sec継続可能なこと）",9,1,,4,"十分なBLSD油圧Max値",21,,,"-","-"
162,2,1,"2WD",4,1,6,"加速G0.15G以上
（10sec継続可能なこと）",10,1,,1,"Fr 245[Nm]",14,,,"-","-"
163,2,1,"2WD",4,1,6,"加速G0.15G以上
（10sec継続可能なこと）",10,1,,1,"Rr 368[Nm]",14,,,"-","-"
164,2,1,"2WD",4,1,6,"加速G0.15G以上
（10sec継続可能なこと）",10,1,,1,"D/SFT軸4輪合計 614[Nm]",13,,,"-","-"
165,2,1,"2WD",4,1,7,"加速G0.10G以上
（10sec継続可能なこと）",11,1,,1,"D/SFT軸4輪合計 606[Nm]",13,,,"-","-"
166,2,1,"2WD",4,1,7,"加速G0.10G以上
（10sec継続可能なこと）",11,1,,1,"Fr 293[Nm]",14,,,"-","-"
167,2,1,"2WD",4,1,7,"加速G0.10G以上
（10sec継続可能なこと）",11,1,,1,"Rr 313[Nm]",14,,,"-","-"
168,2,1,"2WD",4,1,8,"加速G0.10G以上
（10sec継続可能なこと）",12,1,,1,"Rr 286[Nm]",14,,,"-","-"
169,2,1,"2WD",4,1,8,"加速G0.10G以上
（10sec継続可能なこと）",12,1,,1,"D/SFT軸4輪合計 559[Nm]",13,,,"-","-"
170,2,1,"2WD",4,1,8,"加速G0.10G以上
（10sec継続可能なこと）",12,1,,1,"Fr 273[Nm]",14,,,"-","-"
171,2,1,"2WD",4,1,9,"車両重量配分比相当のRr配分が可能なこと",,4,,1,,,,,"-","-"
172,2,1,"2WD",4,2,10,"車両重量配分比相当のRr配分が可能なこと",,9,"Nm",9,,,,"171","-","-"
173,2,1,"2WD",4,2,10,"Fr 842[Nm]",14,6,"Nm",5,"70[Nm]-10[sec]",,,"138","-","-"
174,2,1,"2WD",4,2,10,"Fr 842[Nm]",14,7,"rpm",6,"2616[rpm]",,,"138","-","-"
175,2,1,"2WD",4,2,10,"Fr 842[Nm]",14,8,,7,"0",,,"138","-","-"
176,2,1,"2WD",4,2,10,"Fr 842[Nm]",14,8,,8,"（燃費要求から決定）",,,"138","-","-"
177,2,1,"2WD",4,2,10,"Rr 842[Nm]",14,11,,7,"0",,,"139","-","-"
178,2,1,"2WD",4,2,10,"Rr 842[Nm]",14,11,,8,"（燃費要求から決定）",,,"139","-","-"
179,2,1,"2WD",4,2,10,"Rr 842[Nm]",14,9,"Nm",5,"76[Nm]-10[sec]",,,"139","-","-"
180,2,1,"2WD",4,2,10,"Rr 842[Nm]",14,10,"rpm",6,"2392[rpm]",,,"139","-","-"
181,2,1,"2WD",4,2,10,"D/SFT軸4輪合計 1214[Nm]",22,5,"Nm",,,,,"129","-","-"
182,2,1,"2WD",4,2,10,"Fr 225[Nm]",23,7,"rpm",6,"9716[rpm]",,,"158","-","-"
183,2,1,"2WD",4,2,10,"Fr 225[Nm]",23,8,,7,"12.728",,,"158","-","-"
184,2,1,"2WD",4,2,10,"Fr 225[Nm]",23,8,,8,"（燃費要求から決定）",,,"158","-","-"
185,2,1,"2WD",4,2,10,"Rr 228[Nm]",23,9,"Nm",5,"21[Nm]-10[sec]",,,"159","-","-"
186,2,1,"2WD",4,2,10,"Rr 228[Nm]",23,10,"rpm",6,"8882[rpm]",,,"159","-","-"
187,2,1,"2WD",4,2,10,"Rr 228[Nm]",23,11,,7,"11.636",,,"159","-","-"
188,2,1,"2WD",4,2,10,"Rr 228[Nm]",23,11,,8,"（燃費要求から決定）",,,"159","-","-"
189,2,1,"2WD",4,2,10,"Fr 532[Nm]",23,6,"Nm",5,"44[Nm]-10[sec]",,,"130","-","-"
190,2,1,"2WD",4,2,10,"Fr 532[Nm]",23,7,"rpm",6,"2915[rpm]",,,"130","-","-"
191,2,1,"2WD",4,2,10,"Fr 532[Nm]",23,8,,7,"12.728",,,"130","-","-"
192,2,1,"2WD",4,2,10,"Fr 532[Nm]",23,8,,8,"（燃費要求から決定）",,,"130","-","-"
193,2,1,"2WD",4,2,10,"Rr 682[Nm]",23,9,"Nm",5,"62[Nm]-10[sec]",,,"131","-","-"
194,2,1,"2WD",4,2,10,"Rr 391[Nm]",23,9,"Nm",5,"35[Nm]-120[sec]",,,"136","-","-"
195,2,1,"2WD",4,2,10,"Rr 391[Nm]",23,10,"rpm",6,"4441[rpm]",,,"136","-","-"
196,2,1,"2WD",4,2,10,"Rr 391[Nm]",23,11,,7,"11.636",,,"136","-","-"
197,2,1,"2WD",4,2,10,"Rr 623[Nm]",23,10,"rpm",6,"1776[rpm]",,,"146","-","-"
198,2,1,"2WD",4,2,10,"Rr 391[Nm]",23,11,,8,"（燃費要求から決定）",,,"136","-","-"
199,2,1,"2WD",4,2,10,"Rr 623[Nm]",23,11,,8,"（燃費要求から決定）",,,"146","-","-"
200,2,1,"2WD",4,2,10,"Fr 478[Nm]",23,6,"Nm",5,"40[Nm]-120[sec]",,,"150","-","-"
201,2,1,"2WD",4,2,10,"Fr 478[Nm]",23,7,"rpm",6,"2429[rpm]",,,"150","-","-"
202,2,1,"2WD",4,2,10,"Fr 478[Nm]",23,8,,7,"12.728",,,"150","-","-"
203,2,1,"2WD",4,2,10,"Fr 478[Nm]",23,8,,8,"（燃費要求から決定）",,,"150","-","-"
204,2,1,"2WD",4,2,10,"Rr 555[Nm]",23,11,,8,"（燃費要求から決定）",,,"154","-","-"
205,2,1,"2WD",4,2,10,"Rr 682[Nm]",23,10,"rpm",6,"2665[rpm]",,,"131","-","-"
206,2,1,"2WD",4,2,10,"Rr 682[Nm]",23,11,,7,"11.636",,,"131","-","-"
207,2,1,"2WD",4,2,10,"Rr 682[Nm]",23,11,,8,"（燃費要求から決定）",,,"131","-","-"
208,2,1,"2WD",4,2,10,"Fr 349[Nm]",23,6,"Nm",5,"29[Nm]-120[sec]",,,"135","-","-"
209,2,1,"2WD",4,2,10,"Fr 349[Nm]",23,7,"rpm",6,"4858[rpm]",,,"135","-","-"
210,2,1,"2WD",4,2,10,"Fr 349[Nm]",23,8,,7,"12.728",,,"135","-","-"
211,2,1,"2WD",4,2,10,"Fr 349[Nm]",23,8,,8,"（燃費要求から決定）",,,"135","-","-"
212,2,1,"2WD",4,2,10,"Fr 618[Nm]",23,6,"Nm",5,"51[Nm]-10[sec]",,,"145","-","-"
213,2,1,"2WD",4,2,10,"Fr 618[Nm]",23,7,"rpm",6,"1943[rpm]",,,"145","-","-"
214,2,1,"2WD",4,2,10,"Fr 618[Nm]",23,8,,7,"12.728",,,"145","-","-"
215,2,1,"2WD",4,2,10,"Rr 623[Nm]",23,9,"Nm",5,"56[Nm]-10[sec]",,,"146","-","-"
216,2,1,"2WD",4,2,10,"Rr 623[Nm]",23,11,,7,"11.636",,,"146","-","-"
217,2,1,"2WD",4,2,10,"Rr 441[Nm]",23,9,"Nm",5,"40[Nm]-120[sec]",,,"151","-","-"
218,2,1,"2WD",4,2,10,"Rr 441[Nm]",23,10,"rpm",6,"2221[rpm]",,,"151","-","-"
219,2,1,"2WD",4,2,10,"Rr 441[Nm]",23,11,,7,"11.636",,,"151","-","-"
220,2,1,"2WD",4,2,10,"Rr 441[Nm]",23,11,,8,"（燃費要求から決定）",,,"151","-","-"
221,2,1,"2WD",4,2,10,"Fr 460[Nm]",23,6,"Nm",5,"38[Nm]-10[sec]",,,"153","-","-"
222,2,1,"2WD",4,2,10,"Fr 460[Nm]",23,7,"rpm",6,"3036[rpm]",,,"153","-","-"
223,2,1,"2WD",4,2,10,"Fr 460[Nm]",23,8,,7,"12.728",,,"153","-","-"
224,2,1,"2WD",4,2,10,"Fr 460[Nm]",23,8,,8,"（燃費要求から決定）",,,"153","-","-"
225,2,1,"2WD",4,2,10,"Rr 555[Nm]",23,9,"Nm",5,"50[Nm]-10[sec]",,,"154","-","-"
226,2,1,"2WD",4,2,10,"Rr 555[Nm]",23,10,"rpm",6,"2776[rpm]",,,"154","-","-"
227,2,1,"2WD",4,2,10,"Rr 555[Nm]",23,11,,7,"11.636",,,"154","-","-"
228,2,1,"2WD",4,2,10,"Fr 225[Nm]",23,6,"Nm",5,"19[Nm]-10[sec]",,,"158","-","-"
229,2,1,"2WD",4,2,10,"D/SFT軸4輪合計 741[Nm]",24,5,"Nm",,,,,"134","-","-"
230,2,1,"2WD",4,2,10,"D/SFT軸4輪合計 1684[Nm]",25,5,"Nm",,,,,"137","-","-"
231,2,1,"2WD",4,2,10,"D/SFT軸4輪合計 1241[Nm]",26,5,"Nm",,,,,"144","-","-"
232,2,1,"2WD",4,2,10,"D/SFT軸4輪合計 919[Nm]",27,5,"Nm",,,,,"149","-","-"
233,2,1,"2WD",4,2,10,"D/SFT軸4輪合計 1015[Nm]",28,5,"Nm",,,,,"152","-","-"
234,2,1,"2WD",4,2,10,"D/SFT軸4輪合計 453[Nm]",29,5,"Nm",,,,,"157","-","-"
235,2,1,"2WD",4,2,10,"D/SFT軸4輪合計 614[Nm]",30,5,"Nm",,,,,"162","-","-"
236,2,1,"2WD",4,2,10,"Fr 245[Nm]",31,6,"Nm",5,"20[Nm]-10[sec]",,,"163","-","-"
237,2,1,"2WD",4,2,10,"Fr 245[Nm]",31,7,"rpm",6,"8465[rpm]",,,"163","-","-"
238,2,1,"2WD",4,2,10,"Fr 245[Nm]",31,8,,7,"12.728",,,"163","-","-"
239,2,1,"2WD",4,2,10,"Fr 245[Nm]",31,8,,8,"（燃費要求から決定）",,,"163","-","-"
240,2,1,"2WD",4,2,10,"Rr 368[Nm]",31,9,"Nm",5,"33[Nm]-10[sec]",,,"164","-","-"
241,2,1,"2WD",4,2,10,"Rr 368[Nm]",31,10,"rpm",6,"7739[rpm]",,,"164","-","-"
242,2,1,"2WD",4,2,10,"Rr 368[Nm]",31,11,,7,"11.636",,,"164","-","-"
243,2,1,"2WD",4,2,10,"Rr 368[Nm]",31,11,,8,"（燃費要求から決定）",,,"164","-","-"
244,2,1,"2WD",4,2,10,"Fr 293[Nm]",31,6,"Nm",5,"24[Nm]-10[sec]",,,"166","-","-"
245,2,1,"2WD",4,2,10,"Fr 293[Nm]",31,7,"rpm",6,"7894[rpm]",,,"166","-","-"
246,2,1,"2WD",4,2,10,"Fr 293[Nm]",31,8,,7,"12.728",,,"166","-","-"
247,2,1,"2WD",4,2,10,"Fr 293[Nm]",31,8,,8,"（燃費要求から決定）",,,"166","-","-"
248,2,1,"2WD",4,2,10,"Rr 313[Nm]",31,9,"Nm",5,"28[Nm]-10[sec]",,,"167","-","-"
249,2,1,"2WD",4,2,10,"Rr 313[Nm]",31,10,"rpm",6,"7217[rpm]",,,"167","-","-"
250,2,1,"2WD",4,2,10,"Rr 313[Nm]",31,11,,7,"11.636",,,"167","-","-"
251,2,1,"2WD",4,2,10,"Rr 313[Nm]",31,11,,8,"（燃費要求から決定）",,,"167","-","-"
252,2,1,"2WD",4,2,10,"Fr 273[Nm]",31,6,"Nm",5,"23[Nm]-10[sec]",,,"169","-","-"
253,2,1,"2WD",4,2,10,"Fr 273[Nm]",31,7,"rpm",6,"9716[rpm]",,,"169","-","-"
254,2,1,"2WD",4,2,10,"Fr 273[Nm]",31,8,,7,"12.728",,,"169","-","-"
255,2,1,"2WD",4,2,10,"Fr 273[Nm]",31,8,,8,"（燃費要求から決定）",,,"169","-","-"
256,2,1,"2WD",4,2,10,"Rr 286[Nm]",31,9,"Nm",5,"26[Nm]-10[sec]",,,"170","-","-"
257,2,1,"2WD",4,2,10,"Rr 286[Nm]",31,10,"rpm",6,"8882[rpm]",,,"170","-","-"
258,2,1,"2WD",4,2,10,"Rr 286[Nm]",31,11,,7,"11.636",,,"170","-","-"
259,2,1,"2WD",4,2,10,"Rr 286[Nm]",31,11,,8,"（燃費要求から決定）",,,"170","-","-"
260,2,1,"2WD",4,2,10,"D/SFT軸4輪合計 606[Nm]",32,5,"Nm",,,,,"165","-","-"
261,2,1,"2WD",4,2,10,"D/SFT軸4輪合計 559[Nm]",33,5,"Nm",,,,,"168","-","-"
