1,"圧雪路面（μ0.35）勾配20%
外気温：-25℃
【アクセル操作】
DB踏み増し最速狙い"
2,"【アクセル操作】
DB踏み増し最速狙い"
3,"【アクセル操作】
登坂可能最小開度探り→ステップ踏み"
4,"圧雪路面（μ0.35）勾配20%
外気温：-25℃
定常走行"
5,"左右スプリットμ（Ice(μ0.15)/Dry(μ1.0)）勾配20%
外気温：-25℃
発進・加速
【アクセル操作】
DB踏み増し最速狙い"
6,"深雪100mm（μ0.35）
※走行抵抗0.25前提
外気温：-25℃
発進・加速
【アクセル操作】
DB踏み増し最速狙い"
7,"深雪100mm（μ0.35）
※走行抵抗0.25前提
外気温：-25℃
定常走行"
8,"圧雪路面40R（μ0.35）
25kphからアクセル開度100%/4sec
外気温：-25℃"
9,"圧雪路面180R（μ0.35）
80kphから0.1G加速
外気温：-25℃"
10,"DRY路面50R
70kphから0.15G加速
外気温：35℃"
11,"Wet路面50R（μ0.8）勾配5%
65kphから0.1G加速
外気温：35℃"
12,"Dry路面　勾配3%
80kphから0.1G加速
外気温：35℃"
13,"発進・加速"
14,"動的な前後輪荷重相当に配分"
15,"発進可能な駆動力が発生したら
ブレーキ液圧を下げる"
16,"Snowモード
（無い場合はStandardモード）"
17,"車速40kph連続走行"
18,"低μ空転側"
19,"空転輪側"
20,"車速20kph連続走行"
21,"旋回中の車両Yawを作る"
22,"圧雪路面（μ0.35）勾配20%
発進5s後の到達車速24kph以上*"
23,"動的な前後輪荷重相当に配分
外気温：-25℃"
24,"圧雪路面（μ0.35）勾配20%
連続走行120sec以上"
25,"左右スプリットμ（Ice(μ0.15)/Dry(μ1.0)）勾配20%
外気温：-25℃
発進・加速
【アクセル操作】
DB踏み増し最速狙い
左右スプリットμ（Ice(μ0.15)/Dry(μ1.0)）勾配20%
外気温：-25℃
発進・加速
【アクセル操作】
DB踏み増し最速狙い"
26,"深雪100mm（μ0.35）
発進5s後の到達車速16kph以上"
27,"深雪100mm（μ0.35）
連続走行120sec以上"
28,"圧雪路面40R
25kphからアクセル開度100%/4sec"
29,"圧雪路面180R
80kphから0.1G加速"
30,"DRY路面50R
加速G0.15G以上"
31,"動的な前後輪荷重相当に配分
外気温：35℃"
32,"Wet路面50R（μ0.8）勾配5%
加速G0.10G以上"
33,"Dry路面　勾配3%
加速G0.10G以上"
34,"アクセル OFF→ON(低開度)
車速20km/h,弱回生からのゆっくり込み20deg"
35,"アクセル OFF→ON
全開発進"
36,"全開再加速
V0=TBD,T0=TBD"
37,"アクセル R/L→OFF
車速20km/h,ゆっくり離し"
38,"ー"
39,"JPN WLTP電費"
40,"ISO(80kph/210kPa）"
41,"GEN回転数：　rpm
GENﾄﾙｸ：　Nm
GB油温：　℃"
42,"MTR回転数：　rpm
MTRﾄﾙｸ：　Nm
GB油温：　℃"
43,"仕向け、SOC[％]、劣化、外気温度[℃]"
44,"電圧：　V以上
時間：　ｓ以上
INV入口水温：　℃"
45,"FR-RR　周波数離間率　4%以上
FR：9.328の場合
RR：9.701以上、もしくは8.955以下"
46,"トルク　Nm
周波数　Hz"
47,"10km(5min)以上で最高速維持"
48,"120sec継続後"
49,"ヒルホールド120sec継続後"
50,"10cm高さ"
51,"平坦路、気温10℃～35℃"
52,"12%勾配
※北米向け"
53,"16%勾配(Katherine Landingボートランプ、気温40℃、吸気温75℃)　※北米向け"
54,"16%勾配、15mph走行時(気温5℃～35℃)　※北米向け"
55,"ハイウェイ登坂(Davis Dam、気温38℃以上)
※北米向け"
56,"8%及び12%登坂路
※欧州向け"
57,"中間加速"
58,"発進加速"
59,"発進加速
Motor応答時定数[ms]"
60,"実用加速"
61,"リバース"
62,"ロールバック"
63,"外気温℃、MTR入口水温℃
30%120sec ヒルホールド"
64,"30%120sec ヒルホールド後 10sec 10m"
65,"電圧：　V以上
時間：　ｓ以上
INV入口水温：　℃
MTR回転数範囲：　rpm"
66,"-6%勾配追い風10m条件のR/L線上"
67,"電圧：　V以上
時間：　ｓ以上
INV入口水温：　℃
GEN回転数範囲：　rpm"
68,"13km以上(約4分)で最高速維持
最高速の条件(回転数、時間）"
69,"エンジン回転速度[rpm]"
70,"電圧：　V以上
時間：　ｓ以上
INV入口水温：　℃
MTR回転数：　rpm"
71,"登坂18％、発進時もしくは極低車速走行時"
72,"登坂35％~グリップ限界、発進時もしくは極低車速走行時
※解説：
FWDとRWDでは荷重配分と駆動輪の関係からグリップ限界に差がある(RWDの方が限界が高い)。そのため、FWDについては登坂35%における目標を設定し、RWDはグリップ限界の勾配で目標設定する。"
73,"平坦路、ブレーキ停止時"
74,"一定速走行および一定加速度走行
(タイヤ一次とねじり固有値が重なる車速、もしくはモータートルク変動が最も発生しやすい車速)"
75,"R⇔Dセレクト"
76,"P⇒Dセレクト
@18%登坂"
77,"P⇒Dセレクト
@18%登坂
EUR仕向け"
78,"8%登坂停車状態からブレーキを即離して1sec後"
79,"ブレーキ減速時の停車直前（-0.2G減速）"
80,"高車速帯の繰り返し加速
①150kph→WOT再加速し最高速繰り返し（アウトバーン超高速繰り返し加速モード）
②最高速が150kph以下の場合はUE2とテストケースを決める

※PZ1A SDSW課題の再防の為、判断したTestCaseを基に記載"
81,"停車中の車輪速微小変動時"
82,"Rr駆動力配分状態遷移最厳シーン(ex.開度一定、車速スイープでRr駆動力配分が変化するシーン)"
83,"入出力制限作動時"
84,"※F-3と同じ"
85,"トルク指令値:
最大トルク-10Nm"
86,"トルク指令値:
0Nm一定
(停車中にGate-offする場合も含む）"
87,"トルク指令値:-10→60Nm, 100Nm/s"
88,"トルク指令値:
60→-10Nm,
100Nm/s"
89,"トルク指令値:
クリープトルク⇔-(クリープトルク）"
90,"トルク指令値:
0Nm⇒クリープトルク"
91,"登坂路"
92,"トルク指令値:
協調回生トルク⇒0Nm"
93,"回転数:1000rpm,2000rpm
トルク指令値:-8Nm~+8Nm,1Nm刻み
※動力性能で要求されるモータトルク傾きにおいて制振制御モデルがガタ詰め時に指示する値を上限とする。"
94,"車速10km/h一定でF/Bゲインを上げて発散するまで(トルクリミットに当たるまで)※F/Bトルクリミットは解放"
95,"D/SFT軸上
D/SFTのジョイント～タイヤハブまでの
図面値二乗平均 Max-Minと中央値
（Diffとのスプラインは除く）
※バラつきとして補償したいのは3σ"
96,"・D/SFT軸上
・MTR～減速機内部～Diff SunGear-D/SFTスプラインまでの各要素の図面値の二乗和平均"
97,"750rpm,10Nm,60℃±20℃"
98,"MOT軸上
※Parkギヤあり前提のイナーシャで記載"
99,"MOT軸上
前提：Frに対し、Parkギヤなし仕様
　　　　(ギヤ比はFrと同一で仮置き)"
100,"1000rpmで
10→110Nmステップ入力"
101,"1000rpmで
10→110Nmステップ入力"
102,"※F-1と同じ"
103,"※F-2と同じ"
104,"MTR回転:ねじり固有値6Hzと重なる回転数
24次：3.75rpm
48次：7.5rpm
72次：11.25rpm
96次：15rpm
トルク指令値:40Nm
※試験時の回転数は有効数字1桁の範囲で合わせること。"
105,"ねじり固有値	9Hzと重なる回転数
・4次:135rpm
・8次:68rpm
・10次:54rpm"
106,"車速:10km/h一定でF/Bゲインを上げて発散するまで(トルクリミットに当たるまで)
※F/Bトルクリミットは解放"
107,"MTR回転:ねじり固有値6Hzと重なる回転数
24次：3.75rpm
48次：7.5rpm
72次：11.25rpm
96次：15rpm
トルク指令値:80Nm、最大トルク-10Nm
※試験時の回転数は有効数字1桁の範囲で合わせること。"
108,"MTR回転:10(or20)rpm
トルク指令値:最大トルク-10Nm
※トルクリプル補償OFF"
109,"※本要求は全開発進時Gp等の動力性能とT/Oになるため、勾配検知し35％以上のみ駆動力制限する"
110,"MTR回転:10(or20)rpm
トルク指令値:0Nm
※トルクリプル補償OFF"
111,"・トルクステップ外乱印加
(電圧ステップで代用)
・デッドタイム補償が切り替わる領域
・最大変調率動作点付近"
112,"回転数:1000rpm,2000rpm
トルク指令値:-8Nm~+8Nm,1Nm刻み
※動力性能で要求されるモータトルク傾きにおいて制振制御モデルがガタ詰め時に指示する値を上限とする。"
113,"停車から0.5sec後に判定"
114,"回転数:1000rpm,2000rpm
トルク指令値:-8Nm~+8Nm,1Nm刻み
※動力性能で要求されるモータトルク傾きにおいて制振制御モデルがガタ詰め時に指示する値を上限とする。"
115,"ブレーキ減速後、停車中"
116,"Rr駆動力配分状態遷移最厳シーン
(ex.開度一定、車速スイープでRr駆動力配分が変化するシーン)"
117,"各走行シーン(勾配、車速)
環境温度"
118,"DSトルク-回転数-時間プロフィール
耐熱環境温度"
119,"電流/電圧-時間プロフィール
耐熱環境温度"
120,"耐熱環境条件"
121,"LB temp.: 各目標値の温度
車両状態：BOL
充電器冷却：液冷
エアコン: OFF
充電開始SOC: Empty開始 (表示SOC10%)"
122,"外気温：25℃
LB温度：25℃(初期)
開始SOC：100%
BOL
エアコン：ON
車速130km/h"
123,"25℃
35℃
-10℃"
124,"35℃"
125,"-10℃"
137,"雰囲気温度：規格条件：充電ポートは40℃、その他部品は社内条件*　 *社内条件：75℃(外気温35℃＋車体内雰囲気15℃＋日射25℃)"
138,"雰囲気温度40～75℃"
139,"シビアシーン
雰囲気温度:70℃
(シーンにより雰囲気温度違う場合、BATで部品のIT特性の前提温度を決まる)"
140,"HarnessのIT特性はFuseの右側になってない場合"
141,"大気温度"
142,"電流プロフィール"
143,"　メッキ耐熱：スズ(～125℃)銀(125℃～150℃)"
144,"メッキ耐熱：スズ(～125℃)銀(125℃～150℃）"
145,"締結結面圧×締結面積"
146,"AEから"
147,"セル枚数（企画）"
148,"標準暖房
外気0℃、-20℃"
149,"外気-20℃、0℃
FOOT FRE F/H FAN Hi"
150,"FOOT FRE F/H FAN Hi"
151,"FOOT FRE  F/H FAN Hi"
152,"循環水量:〇L/min
前面空気温度:□℃
風量:△m3/min
LLC50%"
153,"前面空気温度:□℃
風量:△m3/min"
154,"×L/min, 水温△℃"
155,"〇rpm時"
156,"〇g/h"
157,"入口水温: 60℃
水量: 20L/min
入口冷媒温度: 〇℃
冷媒流量: □kg/h"
158,"〇m3/min時"
159,"⇒
外気温、日射量
車速
内外気循環率"
160,"⇒
HVAC MODEはAUTO＝Fan風量と風向は？"
161,"外気45℃標準冷房（日射1050W/m2）
走行条件追加"
162,"外気45℃VENT F/C REC FAN Hi"
163,"VENT REC F/C FAN Hi"
164,"外気50℃VENT F/C REC FAN Hi"
165,"冷媒流量:〇kg/h
前面空気温度:□℃
風量:△m3/min
湿度:×%"
166,"トルク指令値:
最大トルク-18Nm"
167,"申請中"
168,"WLTC JPN"
180,"0-60mph到達時間"
181,"0-100km/h到達時間"
182,"Gmax"
183,"tG01@deep APO"
184,"Dur-Gjlimit"
185,"50-70mph到達時間"
186,"100-120km/h到達時間"
187,"Vmax車速"
188,"30%登坂路走行"
189,"10㎝縁石乗り越え"
190,"・車両:C/Slide 2WD
・外気温:23℃
・走行モード:WLTC(LMH)
・燃料仕様:レギュラー

【Target Lset式】
F=f(車両)
A0= 104.9 N
A1= 0.4360 N/kph
A2= 0.04163 N/kph^2
IP= 1557 kg"
191,"WLTC試験重量"
192,"80km/h特性"
193,"タイヤサイズ
80km/h特性"
194,"201.8W
モード平均"
195,"W/O i-booster"
336,"JPN WLTP"
337,"800km
130km/h R/L
走行時間6.15h
@35℃"
338,"
@25℃
'充電回数4回(=(トータル時間8.3h-走行時間6.3h)/QC時間0.5時間)
充電回数4回(=(トータル時間8.3h-走行時間6.3h)/QC時間0.5時間)"
339,"
@35℃
'充電回数○回(=(トータル時間○○h-走行時間6.15h)/QC時間0.5時間)"
340,"800km
130km/h R/L
走行時間6.15h
@-5℃"
341,"
@-5℃
'充電回数○回(=(トータル時間○○h-走行時間6.15h)/QC時間0.5時間)"
342,"100~22%で使用"
343,"外気温35℃以上、13km以上で最高速維持"
344,"8yr/160000km
セル温度25℃、SOC50%"
345,"5yr/100000km
セル温度25℃、SOC25%"
346,"3σ加速性能
5yr/100000km
セル温度25℃、SOC07%"
347,"EPA City走行の2山目Profile
セル温度25℃ SOC4%"
348,"セル温度25℃ SOC4%
車速20km/h"
349,"QC後バッテリー最大温度(55℃)"
350,"セル温度0℃、SOC20%"
351,"セル温度-20℃、SOC20%"
352,"5yr/100000km
セル温度25℃、SOC07%"
353,"電圧○○V"
354,"セル温度25℃ SOC4%"
