1,1,1,2,1,,32,,1,"%","e-power","38",,"-",,,0,0
2,1,1,2,1,"○○％",33,,2,"%","e-power","38",,"-",,,0,0
3,1,1,2,1,"○○％",33,,3,"%","e-power","38",,"-",,,0,0
4,1,1,2,1,"○○％",34,"0.869",4,"○○%",,"38",,"-",,,0,0
5,1,1,2,1,"○○％",34,"0.869",5,"○○%",,"38",,"-",,,0,0
6,1,1,2,1,"○○％",35,"0.868",6,"○○%",,"38",,"-",,,0,0
7,1,1,2,1,"○○％",35,"0.868",7,"○○%",,"38",,"-",,,0,0
8,1,1,2,1,"○○％",36,,8,"○○%","e-Power
発電","38",,"-",,,0,0
9,1,1,2,1,"○○％",36,,9,"○○%",,"38",,"-",,,0,0
10,1,1,2,2,"0.3G",37,,10,,"回生時の最大トルク、最高出力","35",,"-",,,0,0
11,1,1,2,3,"○○kJ",34,"0.863",4,"○○%",,"34",,"-",,,0,0
12,1,1,2,3,"○○kJ",34,"0.863",5,"○○%",,"34",,"-",,,0,0
13,1,1,2,3,"○○kJ",35,"0.871",6,"○○%",,"34",,"-",,,0,0
14,1,1,2,3,"○○kJ",35,"0.871",7,"○○%",,"34",,"-",,,0,0
15,1,1,2,3,"○○kJ",36,,11,"0.98","回生","34",,"-",,,0,0
16,1,1,2,4,"25kWh",38,,12,"0.98","BEV
充電器からの充電効率","36",,"-",,,0,0
17,1,1,2,4,"25kWh",38,,13,"22kWh","BEV
AEと企画で決まる","36",,"-",,,0,0
18,1,1,2,4,"25kWh",38,,14,"○○","BEV","36",,"-",,,0,0
19,1,1,2,5,"25kWh",38,,15,"○○","BEV
AEで決まる","36",,"-",,,0,0
20,1,1,2,5,"3kWh",39,,16,"10W","BEV","37",,"-",,,0,0
21,1,1,2,5,"3kWh",39,,17,"60W","BEV","37",,"-",,,0,0
22,1,1,1,6,"200km以上",28,"7441kJ",18,"1237kg",,,,"-",,"ｄｆｓ",0,0
23,1,1,1,6,"200km以上",28,"7441kJ",19,"0.409あ",,,,"-",,,0,0
24,1,1,1,6,"200km以上",28,"7441kJ",20,"2.21m^2",,,,"-",,,0,0
25,1,1,1,6,"200km以上",28,"7441kJ",21,"7.2",,,,"-",,,0,0
26,1,1,1,6,"200km以上",28,"7441kJ",22,"1.75Nm/Veh",,,,"-",,,0,0
27,1,1,1,6,"200km以上",28,"7441kJ",23,"2Nm/Veh",,,,"-",,,0,0
28,1,1,1,6,"200km以上",28,"7441kJ",24,"○○Nm",,,,"-",,,0,0
29,1,1,1,6,"200km以上",29,"○○kJ",25,"227W",,,,"-",,,0,0
30,1,1,1,6,"200km以上",29,"○○kJ",26,"0.87",,,,"-",,,0,0
31,1,1,1,6,"200km以上",29,"○○kJ",27,"0W",,,,"-",,,0,0
32,1,1,1,6,"200km以上",30,"○○kJ",28,"2831kJ",,,,"-",,,0,0
33,1,1,1,6,"200km以上",30,"○○kJ",29,"○○kJ",,,,"-",,,0,0
34,1,1,1,6,"200km以上",30,"○○kJ",30,"○○kJ",,,,"-",,,0,0
35,1,1,1,6,"200km以上",30,"○○kJ",31,"0.3G",,,,"-",,,0,0
36,1,1,1,6,"200km以上",31,"○○kJ",32,"25kWh","BEV",,,"-",,,0,0
37,1,1,1,6,"200km以上",31,"○○kJ",33,"3kWh","BEV",,,"-",,,0,0
38,1,1,1,6,"200km以上",31,"○○kJ",34,"○○％",,,,"-",,,0,0
39,1,2,1,7,"4WD:130km/h",57,"最大値",35,"○○kW","駆動力(P)＝
モータトルク(Tm)×ギヤ比×伝達効率÷タイヤの動荷重半径",,,"-",,,0,0
40,1,2,1,7,"2WD:130km/h",57,"最大値",35,"○○kW","時系列データ
電流Profile(最高速)",,,"-",,,0,0
41,1,2,1,8,"ヒルホールドできること",,"最大値",36,"○○Nm×sec","時系列データ
電流Profile(最高速)",,,"-",,,0,0
42,1,2,1,9,"10sec以内に10m上れること",,"最大値",37,"○○Nm×sec","時系列データ
電流Profile(最高速)",,,"-",,,0,0
43,1,2,1,10,"10cm高さの縁石乗り越え可能なこと",,"最大値",38,"○○Nm×sec","時系列データ
電流Profile(最高速)",,,"-",,,0,0
44,1,2,1,11,"40-60mph：18.0sec以内",,"最大値",38,"○○Nm×sec","時系列データ
電流Profile(最高速)",,,"-",,,0,0
45,1,2,1,11,"0-30mph：12.0sec以内",,"最大値",38,"○○Nm×sec","時系列データ
電流Profile(最高速)",,,"-",,,0,0
46,1,2,1,11,"0-60mph：30.0sec以内",,"最大値",38,"○○Nm×sec","時系列データ
電流Profile(最高速)",,,"-",,,0,0
47,1,2,1,12,"最大トレーラー重量　㎏",,"最大値",38,"○○Nm","時系列データ
電流Profile(最高速)",,,"-",,,0,0
48,1,2,1,13,"発進可能であること(前進・後進)",,"最大値",38,"○○Nm","時系列データ
電流Profile(最高速)",,,"-",,,0,0
49,1,2,1,14,"5分間で5回繰り返し発進可能なこと",,"最大値",38,"○○Nm×sec","時系列データ
電流Profile(最高速)",,,"-",,,0,0
50,1,2,1,15,"5分以内で、発進~5m進んで停止を5回繰り返す(前進・後進)",,"最大値",38,"○○Nm×sec","時系列データ
電流Profile(最高速)",,,"-",,,0,0
51,1,2,1,16,"最低車速：40mph以上",,"最大値",38,"○○Nm","時系列データ
電流Profile(最高速)",,,"-",,,0,0
52,1,2,1,17,"○○sec",,,39,"○○Nm×sec",,,,"-",,,0,0
53,1,2,1,18,"≦4.2sec",,,39,"○○Nm×sec",,,,"-",,,0,0
54,1,2,1,19,"≦15sec",,,39,"○○Nm×sec",,,,"-",,,0,0
55,1,2,1,20,"〇〇sec",,,39,"○○Nm×sec",,,,"-",,,0,0
56,1,2,1,21,"○○sec",,,40,"1715Nm",,,,"-",,,0,0
57,1,2,1,22,"0.38G",,,40,"1715Nm",,,,"-",,,0,0
58,1,2,1,23,"○○G/sec",,,40,"1715Nm",,,,"-",,,0,0
59,1,2,1,24,"○○sec",58,,41,"6628Nm/sec","e-power",,,"-",,,0,0
60,1,2,1,25,"○○sec",58,,41,"6628Nm/sec","e-power",,,"-",,,0,0
61,1,2,1,26,"燃費要求から決定
（トーイング以外）",59,"kW",18,"○○","転がり抵抗＝RRC x W[kg]×g

空気抵抗＝1/2×Cd×σ[kg/m3]×A[m2]×ｖ2[m/s]2

勾配抵抗＝W[kg]×g[9.8m/s2]×sinθ

加速抵抗＝α[m/s2]×(W[kg]＋等価慣性重量[kg])",,,"-",,,0,0
62,1,2,1,26,"燃費要求から決定
（トーイング以外）",59,"kW",20,"○○m^2","転がり抵抗＝RRC x W[kg]×g

空気抵抗＝1/2×Cd×σ[kg/m3]×A[m2]×ｖ2[m/s]2

勾配抵抗＝W[kg]×g[9.8m/s2]×sinθ

加速抵抗＝α[m/s2]×(W[kg]＋等価慣性重量[kg])",,,"-",,,0,0
63,1,2,1,26,"燃費要求から決定
（トーイング以外）",60,"kW",26,"○○%",,,,"-",,,0,0
64,1,2,1,26,"燃費要求から決定
（トーイング以外）",59,"kW",42,"1247kg","転がり抵抗＝RRC x W[kg]×g

空気抵抗＝1/2×Cd×σ[kg/m3]×A[m2]×ｖ2[m/s]2

勾配抵抗＝W[kg]×g[9.8m/s2]×sinθ

加速抵抗＝α[m/s2]×(W[kg]＋等価慣性重量[kg])",,,"-",,,0,0
65,1,2,1,26,"燃費要求から決定
（トーイング以外）",59,"kW",43,"タイヤ径:0.271 m
μ:0.0692 N/kg","転がり抵抗＝RRC x W[kg]×g

空気抵抗＝1/2×Cd×σ[kg/m3]×A[m2]×ｖ2[m/s]2

勾配抵抗＝W[kg]×g[9.8m/s2]×sinθ

加速抵抗＝α[m/s2]×(W[kg]＋等価慣性重量[kg])",,,"-",,,0,0
66,1,2,1,26,"燃費要求から決定
（トーイング以外）",59,"kW",44,"○○kW","転がり抵抗＝RRC x W[kg]×g

空気抵抗＝1/2×Cd×σ[kg/m3]×A[m2]×ｖ2[m/s]2

勾配抵抗＝W[kg]×g[9.8m/s2]×sinθ

加速抵抗＝α[m/s2]×(W[kg]＋等価慣性重量[kg])",,,"-",,,0,0
67,1,2,1,26,"燃費要求から決定
（トーイング以外）",59,"kW",45,"㎏","転がり抵抗＝RRC x W[kg]×g

空気抵抗＝1/2×Cd×σ[kg/m3]×A[m2]×ｖ2[m/s]2

勾配抵抗＝W[kg]×g[9.8m/s2]×sinθ

加速抵抗＝α[m/s2]×(W[kg]＋等価慣性重量[kg])",,,"-",,,0,0
68,1,2,1,26,"燃費要求から決定
（トーイング以外）",60,"kW",46,"○○kW",,,,"-",,,0,0
69,1,2,1,26,"燃費要求から決定
（トーイング以外）",60,"kW",47,"○○kW","A/C消費電力（A/C、ブロアファン、モータファン、コンプレッサ含む）",,,"-",,,0,0
70,1,2,1,27,"○○km/h",61,,48,"○○rpm",,,,"-",,,0,0
71,1,2,1,28,"○○km/h",61,,49,"○○rpm",,,,"-",,,0,0
72,1,2,2,29,"○○kW",63,"V",15,"○○","AEで決まる","39,40",,"-",,,0,0
73,1,2,2,29,"○○kW",62,"kW",50,"135Nm","Motor最高出力 [kW]","39,40",,"-",,,0,0
74,1,2,2,29,"○○kW",62,"kW",51,"31kW","Motor最高出力 [kW]","39,40",,"-",,,0,0
75,1,2,2,29,"○○kW",62,"kW",52,"16196rpm","MOT前提条件","39,40",,"-",,,0,0
76,1,2,2,29,"○○kW",62,"kW",53,"○○rpm",,"39,40",,"-",,,0,0
77,1,2,2,29,"○○kW",63,"V",54,"○○","企画で決まる","39,40",,"-",,,0,0
78,1,2,2,29,"○○kW",63,"V",55,"○○kW×sec","Batt容量はBEVは電費、e-Powerは動力で決まる
電流Profile(最高速)","39,40",,"-",,,0,0
79,1,2,2,29,"○○kW",64,"kW",56,"Nm","e-power","39,40",,"-",,,0,0
80,1,2,2,29,"○○kW",64,"kW",57,"rpm","e-power","39,40",,"-",,,0,0
81,1,2,2,29,"○○kW",64,"kW",58,"rpm","e-power
MOT前提条件","39,40",,"-",,,0,0
82,1,2,2,29,"○○kW",64,"kW",59,"kW","e-power
時系列データ","39,40",,"-",,,0,0
83,1,2,2,29,"○○kW",64,"kW",60,"kW","e-power
DB:L名変更しました","39,40",,"-",,,0,0
84,1,2,2,29,"○○kW",65,"kW",61,"kW-rpm","e-power
MOT前提条件","39,40",,"-",,,0,0
85,1,2,2,29,"○○kW",65,"kW",62,"Nm-rpm","e-power","39,40",,"-",,,0,0
86,1,2,2,29,"○○kW",66,,63,,"e-power","39,40",,"-",,,0,0
87,1,2,2,29,"○○kW",67,"○○kWh",64,"○○kWh","e-power
DS最高出力で決まるBatteryからのAssist量","39,40",,"-",,,0,0
88,1,2,2,30,"○○Nm",68,"○○Nm",65,"○○Nm×sec","時系列データ","56,57,58",,"-",,,0,0
89,1,2,2,31,"○○Nm×sec",69,"○○",66,"12.728","FR-RR　周波数離間率　4%以上
FR：9.328の場合
RR：9.701以上、もしくは8.955以下","52,53,54,55",,"-",,,0,0
90,1,2,2,31,"○○Nm×sec",69,"○○",66,"11.136","FR-RR　周波数離間率　4%以上
FR：9.328の場合
RR：9.701以上、もしくは8.955以下","52,53,54,55",,"-",,,0,0
91,1,2,2,32,"○○rpm",70,"○○rpm",67,"○○rpm",,"61",,"-",,,0,0
92,1,2,2,33,"○○rpm",70,"○○rpm",68,"○○rpm",,"62",,"-",,,0,0
93,1,2,2,32,"○○rpm",71,"○○",67,"○○rpm",,"61",,"-",,,0,0
94,1,2,2,33,"○○rpm",71,"○○",68,"○○rpm",,"62",,"-",,,0,0
95,1,3,1,34,,22,,69,,,,,"-",,,0,0
96,1,3,1,35,"保証基準",16,,70,"振動応力40MPa以下
(粗メッシュ：振動応力≦20MPa)",,,,"-",,,0,0
97,1,3,2,36,"振動応力40MPa以下
(粗メッシュ：振動応力≦20MPa)",40,,71,"＞310Hz",,"96",,"-",,,0,0
98,1,3,2,37,"MTG振動レベル(先端二乗和)：

40Nm 24次
MTG BRKT先端振動≦-12dB (0dB=1μm)
LWR T/ROD BRKT先端振動　-20dB　(0dB=1μm)",41,,72,"本体振動
モーター単体振動　H24=0.048μm　H48=0.024μm(P33B目標値)

24次接線方向振動0.095?（ステーターねじり固有値の1200Hz付近で）
48次接線方向振動0.020?（ステーターねじり固有値の1200Hz付近で）
48次面直方向振動0.1?（ステーター円環固有値6500Hz付近）","管理点は協議の上決める事","95?",,"-",,,0,0
99,1,3,2,37,,42,,73,"＜ポジションギヤノイズ＞
減速機開発台上振動　POSギヤノイズ評価点上下振動片振幅
21次　
80Nm 振動≦0.08μm（ただし、1.3k-1.8kHzで振動≦0.12μm）
-40Nm 振動≦0.08μm（ただし、1.3-1.8kHzで振動≦0.17μｍ）","管理点は協議の上決める事","95?",,"-",,,0,0
100,1,3,2,37,,42,,73,"<ファイナルギヤノイズ>
減速機開発台上振動　F/Dギヤノイズ評価点上下振動片振幅
8.217次　
80Nm 振動≦0.23μm（ただし、750-1kHzで振動≦0.33μm）
-40Nm 振動≦0.23μm","管理点は協議の上決める事","95?",,"-",,,0,0
101,1,3,2,37,,42,,73,"<ギヤ共通>
マウント取り付け点剛性
XC2C同等以上(LH,RH,FR,それぞれ上下，前後，左右)",,"95?",,"-",,,0,0
102,1,3,2,38,"【台上音響パワーレベル】",41,,72,,"管理点は協議の上決める事","95?",,"-",,,0,0
103,1,3,2,39,"MTG振動レベル：

40Nm 24次
MTG BRKT先端振動≦-12dB (0dB=1μm)
LWR T/ROD BRKT先端振動　-20dB　(0dB=1μm)",41,,74,"本体振動
モーター単体振動　H24=0.048μm　H48=0.024μm(P33B目標値)

24次接線方向振動0.095?（ステーターねじり固有値の1200Hz付近で）
48次接線方向振動0.020?（ステーターねじり固有値の1200Hz付近で）
48次面直方向振動0.1?（ステーター円環固有値6500Hz付近）","管理点は協議の上決める事","95?",,"-",,,0,0
104,1,3,2,39,,42,,75,"<マウント取り付け点剛性>
XC2C同等以上(LH,RH,FR,それぞれ上下，前後，左右)",,"95?",,"-",,,0,0
105,1,3,2,39,,42,,75,"<ファイナルギヤノイズ>
減速機開発台上振動　F/Dギヤノイズ評価点上下振動片振幅
8.217次　
80Nm 振動≦0.23μm（ただし、750-1kHzで振動≦0.33μm）
-40Nm 振動≦0.23μm","管理点は協議の上決める事","95?",,"-",,,0,0
106,1,3,2,39,,42,,75,"＜ポジションギヤノイズ＞
減速機開発台上振動　POSギヤノイズ評価点上下振動片振幅
21次　
80Nm 振動≦0.08μm（ただし、1.3k-1.8kHzで振動≦0.12μm）
-40Nm 振動≦0.08μm（ただし、1.3-1.8kHzで振動≦0.17μｍ）","管理点は協議の上決める事","95?",,"-",,,0,0
107,1,3,2,39,,42,,76,"動剛性、重量、固有値
Xc2C同等以上(LH,RH,FR,それぞれ上下，前後，左右)",,"95?",,"-",,,0,0
108,1,3,2,40,"ePT台上放射音目標レベル:",41,,74,,"管理点は協議の上決める事","95?",,"-",,,0,0
109,1,3,2,41,,41,,72,"モータ管理点振動レベル(8次）

モーター径方向振動≦0.23μm","管理点は協議の上決める事","95?",,"-",,,0,0
110,1,3,2,42,,41,,74,"モータ管理点振動レベル(8次）

モーター径方向振動≦0.23μm","管理点は協議の上決める事","95?",,"-",,,0,0
111,1,3,2,43,,41,,77,,,"95?",,"-",,,0,0
112,1,3,2,44,"無き事",43,"無き事",78,"評点3.5点以上","System状態で発生する現象であり単体管理不可の為、寸法関連の要求あり。
使い方要求も抜け漏れ防止の為記載あり。","95?",,"-",,,0,0
113,1,3,2,45,"無き事",44,"無き事",79,"評点3.5点以上
ＦＤケース左右ケース振動　26dB以下　(0ｄＢ=１m/s^2)
モーターガタ詰めトルク≦8Nm 減速機エンドプレー≦0.1８㎜","System状態で発生する現象であり単体管理不可の為、寸法関連の要求あり。
使い方要求も抜け漏れ防止の為記載あり。","95?",,"-",,,0,0
114,1,3,2,45,"無き事",44,"無き事",80,"評点3.5点以上
ＦＤケース左右ケース振動　26dB以下　(0ｄＢ=１m/s^2)
モーターガタ詰めトルク≦8Nm 減速機エンドプレー≦0.1８㎜","System状態で発生する現象であり単体管理不可の為、寸法関連の要求あり。
使い方要求も抜け漏れ防止の為記載あり。","95?",,"-",,,0,0
115,1,3,2,46,"無き事",45,"無き事",81,"評点3.5以上","System状態で発生する現象であり単体管理不可の為、寸法関連の要求あり。
使い方要求も抜け漏れ防止の為記載あり。","95?",,"-",,,0,0
116,1,3,2,47,"無き事
各モーターMTG変位
線形域内
RH/LHの前後は10㎜
LWR前後は10㎜以上",46,"無き事",79,"室内音　90ｄＢ以下（0ｄＢ=2*10^-5 Pa)
0Nm通過時 D/SFTトルクレート≦5700Nm/sec
0km/h　発進13500Nm/S以下","System状態で発生する現象であり単体管理不可の為、寸法関連の要求あり。
使い方要求も抜け漏れ防止の為記載あり。","95?",,"-",,,0,0
117,1,3,2,47,"無き事
各モーターMTG変位
線形域内
RH/LHの前後は10㎜
LWR前後は10㎜以上",46,"無き事",82,"室内音　90ｄＢ以下（0ｄＢ=2*10^-5 Pa)
0Nm通過時 D/SFTトルクレート≦5700Nm/sec
0km/h　発進13500Nm/S以下","System状態で発生する現象であり単体管理不可の為、寸法関連の要求あり。
使い方要求も抜け漏れ防止の為記載あり。","95?",,"-",,,0,0
118,1,3,2,48,"P/P固有値-S/BRKT固有値離間率 30%以上",47,"無き事",83,"P/P, S/BRKTともに、基点ユニットと同等固有値。
※ユニット形状、システムによって数値は変化する為、System検討実施の上数値更新","System状態で発生する現象であり単体管理不可の為、寸法関連の要求あり。
使い方要求も抜け漏れ防止の為記載あり。","95?",,"-",,,0,0
119,1,3,2,49,"実車スピンドル振動 40Nm D/SFT16次 -2dB (0dB=1?)",48,"無き事",84,"アウタージョイントの起振力　28dB以下","System状態で発生する現象であり単体管理不可の為、寸法関連の要求あり。
使い方要求も抜け漏れ防止の為記載あり。","95?",,"-",,,0,0
120,1,3,2,50,"無き事",49,"無き事",85,"ENG次数、D/SFT次数、基点ユニットと同等固有値。
※ENG気筒数、ギア比、D/SFTベアリングボール素によって数値は変化する為、System検討実施の上数値更新","System状態で発生する現象であり単体管理不可の為、寸法関連の要求あり。
使い方要求も抜け漏れ防止の為記載あり。","95?",,"-",,,0,0
121,1,3,2,51,"無き事",50,"無き事",86,"与圧バネ荷重140N以上","System状態で発生する現象であり単体管理不可の為、寸法関連の要求あり。
使い方要求も抜け漏れ防止の為記載あり。","95?",,"-",,,0,0
122,1,3,2,52,"無き事",51,"無き事",87,"グリスちょう度をB12P同等にする","System状態で発生する現象であり単体管理不可の為、寸法関連の要求あり。
使い方要求も抜け漏れ防止の為記載あり。","95?",,"-",,,0,0
123,1,3,2,53,"無き事",52,"無き事",88,"減速機エンドプレー≦0.18mm","System状態で発生する現象であり単体管理不可の為、寸法関連の要求あり。
使い方要求も抜け漏れ防止の為記載あり。","95?",,"-",,,0,0
124,1,3,2,54,"無き事",53,"無き事",89,"2軸 POS-F/Dギヤ傾き≦60μm以下","System状態で発生する現象であり単体管理不可の為、寸法関連の要求あり。
使い方要求も抜け漏れ防止の為記載あり。","95?",,"-",,,0,0
125,1,3,2,55,"無き事",54,"無き事",90,"ローターコアのローターシャフトへの勘合構造から滑り無し","System状態で発生する現象であり単体管理不可の為、寸法関連の要求あり。
使い方要求も抜け漏れ防止の為記載あり。","95?",,"-",,,0,0
126,1,3,2,56,"無き事",55,"無き事",91,"ラジアルガタ 0.019mm以下","System状態で発生する現象であり単体管理不可の為、寸法関連の要求あり。
使い方要求も抜け漏れ防止の為記載あり。","95?",,"-",,,0,0
127,1,3,2,56,"無き事",55,"無き事",92,"単層バネ(ウェーブワッシャ、皿ばね等)
ベアリング与圧 454.7~756.7N","System状態で発生する現象であり単体管理不可の為、寸法関連の要求あり。
使い方要求も抜け漏れ防止の為記載あり。","95?",,"-",,,0,0
128,1,3,2,57,"無き事",56,"無き事",93,"真円度：0.009mm以下","System状態で発生する現象であり単体管理不可の為、寸法関連の要求あり。
使い方要求も抜け漏れ防止の為記載あり。","95?",,"-",,,0,0
129,1,4,1,58,"発進5s後の到達車速24kph以上*
(10sec継続可能なこと)
*計算理論値",1,,62,"D/SFT軸4輪合計 1214[Nm]",,,"-","-",,,0,0
130,1,4,1,58,"発進5s後の到達車速24kph以上*
(10sec継続可能なこと)
*計算理論値",1,,63,"Fr 532[Nm]",,,"-","-",,,0,0
131,1,4,1,58,"発進5s後の到達車速24kph以上*
(10sec継続可能なこと)
*計算理論値",1,,63,"Rr 682[Nm]",,,"-","-",,,0,0
132,1,4,1,59,"ずり落ち無し",2,,96,"D/SFT軸4輪合計 723[Nm]",,,"-","-",,,0,0
133,1,4,1,60,"発進可能なアクセル開度30%以下",3,,97,"D/SFT軸4輪合計 723[Nm]",,,"-","-",,,0,0
134,1,4,1,61,"車速40kph一定速
連続走行120sec以上
（代表運転点）
(120sec継続可能なこと)",1,,66,"D/SFT軸4輪合計 741[Nm]",,,"-","-",,,0,0
135,1,4,1,61,"車速40kph一定速
連続走行120sec以上
（代表運転点）
(120sec継続可能なこと)",1,,63,"Fr 349[Nm]",,,"-","-",,,0,0
136,1,4,1,61,"車速40kph一定速
連続走行120sec以上
（代表運転点）
(120sec継続可能なこと)",1,,63,"Rr 391[Nm]",,,"-","-",,,0,0
137,1,4,1,62,"ずり落ち無し",2,,96,"0",,,"-","-",,,0,0
138,1,4,1,62,"発進5s後の到達車速21kph以上
（10sec継続可能なこと）",1,,62,"D/SFT軸4輪合計 1684[Nm]",,,"-","-",,,0,0
139,1,4,1,63,"発進可能なアクセル開度40%以下",3,,97,"0",,,"-","-",,,0,0
140,1,4,1,64,"発進5s後の到達車速21kph以上
（10sec継続可能なこと）",1,,99,"Fr 561[Nm]",,,"-","-",,,0,0
141,1,4,1,64,"発進5s後の到達車速21kph以上
（10sec継続可能なこと）",1,,100,"Rr 561[Nm]",,,"-","-",,,0,0
142,1,4,1,64,"発進5s後の到達車速21kph以上
（10sec継続可能なこと）",1,,63,,,,"-","-",,,0,0
143,1,4,1,64,"発進5s後の到達車速21kph以上
（10sec継続可能なこと）",1,,63,"Rr 842[Nm]",,,"-","-",,,0,0
144,1,4,1,65,"発進5s後の到達車速16kph以上
（10sec継続可能なこと）",1,,62,"D/SFT軸4輪合計 1241[Nm]",,,"-","-",,,0,0
145,1,4,1,65,"発進5s後の到達車速16kph以上
（10sec継続可能なこと）",1,,63,"Fr 618[Nm]",,,"-","-",,,0,0
146,1,4,1,65,"発進5s後の到達車速16kph以上
（10sec継続可能なこと）",1,,63,"Rr 623[Nm]",,,"-","-",,,0,0
147,1,4,1,65,"発進5s後の到達車速16kph以上
（10sec継続可能なこと）",1,,101,"十分なBLSD油圧応答性",,,"-","-",,,0,0
148,1,4,1,65,"発進5s後の到達車速16kph以上
（10sec継続可能なこと）",1,,101,"十分なBLSD油圧Max値",,,"-","-",,,0,0
149,1,4,1,66,"車速20kph一定速
連続走行120sec以上
（代表運転点）
(120sec継続可能なこと)",1,,102,"D/SFT軸4輪合計 919[Nm]",,,"-","-",,,0,0
150,1,4,1,66,"車速20kph一定速
連続走行120sec以上
（代表運転点）
(120sec継続可能なこと)",1,,63,"Fr 478[Nm]",,,"-","-",,,0,0
151,1,4,1,66,"車速20kph一定速
連続走行120sec以上
（代表運転点）
(120sec継続可能なこと)",1,,63,"Rr 441[Nm]",,,"-","-",,,0,0
152,1,4,1,67,"ヨーレイト変化率0.75～1.4
加速G0.21G以上
（10sec継続可能なこと）",1,,62,"D/SFT軸4輪合計 1015[Nm]",,,"-","-",,,0,0
153,1,4,1,67,"ヨーレイト変化率0.75～1.4
加速G0.21G以上
（10sec継続可能なこと）",1,,63,"Fr 460[Nm]",,,"-","-",,,0,0
154,1,4,1,67,"ヨーレイト変化率0.75～1.4
加速G0.21G以上
（10sec継続可能なこと）",1,,63,"Rr 555[Nm]",,,"-","-",,,0,0
155,1,4,1,67,"ヨーレイト変化率0.75～1.4
加速G0.21G以上
（10sec継続可能なこと）",1,,103,"十分なBLSD油圧応答性",,,"-","-",,,0,0
156,1,4,1,67,"ヨーレイト変化率0.75～1.4
加速G0.21G以上
（10sec継続可能なこと）",1,,103,"十分なBLSD油圧Max値",,,"-","-",,,0,0
157,1,4,1,68,"加速G0.10G以上
（10sec継続可能なこと）",1,,63,"Fr 225[Nm]",,,"-","-",,,0,0
158,1,4,1,68,"加速G0.10G以上
（10sec継続可能なこと）",1,,62,"D/SFT軸4輪合計 453[Nm]",,,"-","-",,,0,0
159,1,4,1,68,"加速G0.10G以上
（10sec継続可能なこと）",1,,63,"Rr 228[Nm]",,,"-","-",,,0,0
160,1,4,1,68,"加速G0.10G以上
（10sec継続可能なこと）",1,,103,"十分なBLSD油圧応答性",,,"-","-",,,0,0
161,1,4,1,68,"加速G0.10G以上
（10sec継続可能なこと）",1,,103,"十分なBLSD油圧Max値",,,"-","-",,,0,0
162,1,4,1,69,"加速G0.15G以上
（10sec継続可能なこと）",1,,63,"Fr 245[Nm]",,,"-","-",,,0,0
163,1,4,1,69,"加速G0.15G以上
（10sec継続可能なこと）",1,,63,"Rr 368[Nm]",,,"-","-",,,0,0
164,1,4,1,69,"加速G0.15G以上
（10sec継続可能なこと）",1,,62,"D/SFT軸4輪合計 614[Nm]",,,"-","-",,,0,0
165,1,4,1,70,"加速G0.10G以上
（10sec継続可能なこと）",1,,62,"D/SFT軸4輪合計 606[Nm]",,,"-","-",,,0,0
166,1,4,1,70,"加速G0.10G以上
（10sec継続可能なこと）",1,,63,"Fr 293[Nm]",,,"-","-",,,0,0
167,1,4,1,70,"加速G0.10G以上
（10sec継続可能なこと）",1,,63,"Rr 313[Nm]",,,"-","-",,,0,0
168,1,4,1,71,"加速G0.10G以上
（10sec継続可能なこと）",1,,63,"Rr 286[Nm]",,,"-","-",,,0,0
169,1,4,1,71,"加速G0.10G以上
（10sec継続可能なこと）",1,,62,"D/SFT軸4輪合計 559[Nm]",,,"-","-",,,0,0
170,1,4,1,71,"加速G0.10G以上
（10sec継続可能なこと）",1,,63,"Fr 273[Nm]",,,"-","-",,,0,0
171,1,4,1,72,"車両重量配分比相当のRr配分が可能なこと",4,,104,,,,"-","-",,,0,0
172,1,4,2,73,"車両重量配分比相当のRr配分が可能なこと",9,"Nm",105,,,"171","-","-",,,0,0
173,1,4,2,74,"Fr 842[Nm]",6,"Nm",106,"70[Nm]-10[sec]",,"138","-","-",,,0,0
174,1,4,2,74,"Fr 842[Nm]",7,"rpm",107,"2616[rpm]",,"138","-","-",,,0,0
175,1,4,2,74,"Fr 842[Nm]",8,,108,"0",,"138","-","-",,,0,0
176,1,4,2,74,"Fr 842[Nm]",8,,109,"（燃費要求から決定）",,"138","-","-",,,0,0
177,1,4,2,74,"Rr 842[Nm]",11,,108,"0",,"139","-","-",,,0,0
178,1,4,2,74,"Rr 842[Nm]",11,,109,"（燃費要求から決定）",,"139","-","-",,,0,0
179,1,4,2,74,"Rr 842[Nm]",9,"Nm",106,"76[Nm]-10[sec]",,"139","-","-",,,0,0
180,1,4,2,74,"Rr 842[Nm]",10,"rpm",107,"2392[rpm]",,"139","-","-",,,0,0
181,1,4,2,75,"D/SFT軸4輪合計 1214[Nm]",5,"Nm",110,,,"129","-","-",,,0,0
182,1,4,2,76,"Fr 225[Nm]",7,"rpm",107,"9716[rpm]",,"158","-","-",,,0,0
183,1,4,2,76,"Fr 225[Nm]",8,,108,"12.728",,"158","-","-",,,0,0
184,1,4,2,76,"Fr 225[Nm]",8,,109,"（燃費要求から決定）",,"158","-","-",,,0,0
185,1,4,2,76,"Rr 228[Nm]",9,"Nm",106,"21[Nm]-10[sec]",,"159","-","-",,,0,0
186,1,4,2,76,"Rr 228[Nm]",10,"rpm",107,"8882[rpm]",,"159","-","-",,,0,0
187,1,4,2,76,"Rr 228[Nm]",11,,108,"11.636",,"159","-","-",,,0,0
188,1,4,2,76,"Rr 228[Nm]",11,,109,"（燃費要求から決定）",,"159","-","-",,,0,0
189,1,4,2,76,"Fr 532[Nm]",6,"Nm",106,"44[Nm]-10[sec]",,"130","-","-",,,0,0
190,1,4,2,76,"Fr 532[Nm]",7,"rpm",107,"2915[rpm]",,"130","-","-",,,0,0
191,1,4,2,76,"Fr 532[Nm]",8,,108,"12.728",,"130","-","-",,,0,0
192,1,4,2,76,"Fr 532[Nm]",8,,109,"（燃費要求から決定）",,"130","-","-",,,0,0
193,1,4,2,76,"Rr 682[Nm]",9,"Nm",106,"62[Nm]-10[sec]",,"131","-","-",,,0,0
194,1,4,2,76,"Rr 391[Nm]",9,"Nm",106,"35[Nm]-120[sec]",,"136","-","-",,,0,0
195,1,4,2,76,"Rr 391[Nm]",10,"rpm",107,"4441[rpm]",,"136","-","-",,,0,0
196,1,4,2,76,"Rr 391[Nm]",11,,108,"11.636",,"136","-","-",,,0,0
197,1,4,2,76,"Rr 623[Nm]",10,"rpm",107,"1776[rpm]",,"146","-","-",,,0,0
198,1,4,2,76,"Rr 391[Nm]",11,,109,"（燃費要求から決定）",,"136","-","-",,,0,0
199,1,4,2,76,"Rr 623[Nm]",11,,109,"（燃費要求から決定）",,"146","-","-",,,0,0
200,1,4,2,76,"Fr 478[Nm]",6,"Nm",106,"40[Nm]-120[sec]",,"150","-","-",,,0,0
201,1,4,2,76,"Fr 478[Nm]",7,"rpm",107,"2429[rpm]",,"150","-","-",,,0,0
202,1,4,2,76,"Fr 478[Nm]",8,,108,"12.728",,"150","-","-",,,0,0
203,1,4,2,76,"Fr 478[Nm]",8,,109,"（燃費要求から決定）",,"150","-","-",,,0,0
204,1,4,2,76,"Rr 555[Nm]",11,,109,"（燃費要求から決定）",,"154","-","-",,,0,0
205,1,4,2,76,"Rr 682[Nm]",10,"rpm",107,"2665[rpm]",,"131","-","-",,,0,0
206,1,4,2,76,"Rr 682[Nm]",11,,108,"11.636",,"131","-","-",,,0,0
207,1,4,2,76,"Rr 682[Nm]",11,,109,"（燃費要求から決定）",,"131","-","-",,,0,0
208,1,4,2,76,"Fr 349[Nm]",6,"Nm",106,"29[Nm]-120[sec]",,"135","-","-",,,0,0
209,1,4,2,76,"Fr 349[Nm]",7,"rpm",107,"4858[rpm]",,"135","-","-",,,0,0
210,1,4,2,76,"Fr 349[Nm]",8,,108,"12.728",,"135","-","-",,,0,0
211,1,4,2,76,"Fr 349[Nm]",8,,109,"（燃費要求から決定）",,"135","-","-",,,0,0
212,1,4,2,76,"Fr 618[Nm]",6,"Nm",106,"51[Nm]-10[sec]",,"145","-","-",,,0,0
213,1,4,2,76,"Fr 618[Nm]",7,"rpm",107,"1943[rpm]",,"145","-","-",,,0,0
214,1,4,2,76,"Fr 618[Nm]",8,,108,"12.728",,"145","-","-",,,0,0
215,1,4,2,76,"Rr 623[Nm]",9,"Nm",106,"56[Nm]-10[sec]",,"146","-","-",,,0,0
216,1,4,2,76,"Rr 623[Nm]",11,,108,"11.636",,"146","-","-",,,0,0
217,1,4,2,76,"Rr 441[Nm]",9,"Nm",106,"40[Nm]-120[sec]",,"151","-","-",,,0,0
218,1,4,2,76,"Rr 441[Nm]",10,"rpm",107,"2221[rpm]",,"151","-","-",,,0,0
219,1,4,2,76,"Rr 441[Nm]",11,,108,"11.636",,"151","-","-",,,0,0
220,1,4,2,76,"Rr 441[Nm]",11,,109,"（燃費要求から決定）",,"151","-","-",,,0,0
221,1,4,2,76,"Fr 460[Nm]",6,"Nm",106,"38[Nm]-10[sec]",,"153","-","-",,,0,0
222,1,4,2,76,"Fr 460[Nm]",7,"rpm",107,"3036[rpm]",,"153","-","-",,,0,0
223,1,4,2,76,"Fr 460[Nm]",8,,108,"12.728",,"153","-","-",,,0,0
224,1,4,2,76,"Fr 460[Nm]",8,,109,"（燃費要求から決定）",,"153","-","-",,,0,0
225,1,4,2,76,"Rr 555[Nm]",9,"Nm",106,"50[Nm]-10[sec]",,"154","-","-",,,0,0
226,1,4,2,76,"Rr 555[Nm]",10,"rpm",107,"2776[rpm]",,"154","-","-",,,0,0
227,1,4,2,76,"Rr 555[Nm]",11,,108,"11.636",,"154","-","-",,,0,0
228,1,4,2,76,"Fr 225[Nm]",6,"Nm",106,"19[Nm]-10[sec]",,"158","-","-",,,0,0
229,1,4,2,77,"D/SFT軸4輪合計 741[Nm]",5,"Nm",110,,,"134","-","-",,,0,0
230,1,4,2,78,"D/SFT軸4輪合計 1684[Nm]",5,"Nm",110,,,"137","-","-",,,0,0
231,1,4,2,79,"D/SFT軸4輪合計 1241[Nm]",5,"Nm",110,,,"144","-","-",,,0,0
232,1,4,2,80,"D/SFT軸4輪合計 919[Nm]",5,"Nm",110,,,"149","-","-",,,0,0
233,1,4,2,81,"D/SFT軸4輪合計 1015[Nm]",5,"Nm",110,,,"152","-","-",,,0,0
234,1,4,2,82,"D/SFT軸4輪合計 453[Nm]",5,"Nm",110,,,"157","-","-",,,0,0
235,1,4,2,83,"D/SFT軸4輪合計 614[Nm]",5,"Nm",110,,,"162","-","-",,,0,0
236,1,4,2,84,"Fr 245[Nm]",6,"Nm",106,"20[Nm]-10[sec]",,"163","-","-",,,0,0
237,1,4,2,84,"Fr 245[Nm]",7,"rpm",107,"8465[rpm]",,"163","-","-",,,0,0
238,1,4,2,84,"Fr 245[Nm]",8,,108,"12.728",,"163","-","-",,,0,0
239,1,4,2,84,"Fr 245[Nm]",8,,109,"（燃費要求から決定）",,"163","-","-",,,0,0
240,1,4,2,84,"Rr 368[Nm]",9,"Nm",106,"33[Nm]-10[sec]",,"164","-","-",,,0,0
241,1,4,2,84,"Rr 368[Nm]",10,"rpm",107,"7739[rpm]",,"164","-","-",,,0,0
242,1,4,2,84,"Rr 368[Nm]",11,,108,"11.636",,"164","-","-",,,0,0
243,1,4,2,84,"Rr 368[Nm]",11,,109,"（燃費要求から決定）",,"164","-","-",,,0,0
244,1,4,2,84,"Fr 293[Nm]",6,"Nm",106,"24[Nm]-10[sec]",,"166","-","-",,,0,0
245,1,4,2,84,"Fr 293[Nm]",7,"rpm",107,"7894[rpm]",,"166","-","-",,,0,0
246,1,4,2,84,"Fr 293[Nm]",8,,108,"12.728",,"166","-","-",,,0,0
247,1,4,2,84,"Fr 293[Nm]",8,,109,"（燃費要求から決定）",,"166","-","-",,,0,0
248,1,4,2,84,"Rr 313[Nm]",9,"Nm",106,"28[Nm]-10[sec]",,"167","-","-",,,0,0
249,1,4,2,84,"Rr 313[Nm]",10,"rpm",107,"7217[rpm]",,"167","-","-",,,0,0
250,1,4,2,84,"Rr 313[Nm]",11,,108,"11.636",,"167","-","-",,,0,0
251,1,4,2,84,"Rr 313[Nm]",11,,109,"（燃費要求から決定）",,"167","-","-",,,0,0
252,1,4,2,84,"Fr 273[Nm]",6,"Nm",106,"23[Nm]-10[sec]",,"169","-","-",,,0,0
253,1,4,2,84,"Fr 273[Nm]",7,"rpm",107,"9716[rpm]",,"169","-","-",,,0,0
254,1,4,2,84,"Fr 273[Nm]",8,,108,"12.728",,"169","-","-",,,0,0
255,1,4,2,84,"Fr 273[Nm]",8,,109,"（燃費要求から決定）",,"169","-","-",,,0,0
256,1,4,2,84,"Rr 286[Nm]",9,"Nm",106,"26[Nm]-10[sec]",,"170","-","-",,,0,0
257,1,4,2,84,"Rr 286[Nm]",10,"rpm",107,"8882[rpm]",,"170","-","-",,,0,0
258,1,4,2,84,"Rr 286[Nm]",11,,108,"11.636",,"170","-","-",,,0,0
259,1,4,2,84,"Rr 286[Nm]",11,,109,"（燃費要求から決定）",,"170","-","-",,,0,0
260,1,4,2,85,"D/SFT軸4輪合計 606[Nm]",5,"Nm",110,,,"165","-","-",,,0,0
261,1,4,2,86,"D/SFT軸4輪合計 559[Nm]",5,"Nm",110,,,"168","-","-",,,0,0
262,1,5,3,87,,148,,111,,"DB:R全然違うわよ",,,"-",,,0,0
263,1,5,3,87,,148,,112,,"DB:R全然違うわよ",,,"-",,,0,0
264,1,5,1,88,,158,,113,"VENT風量
〇m3/min",,,,"-",,,0,0
265,1,5,1,88,,158,,113,"VENT風量
〇m3/min",,,,"-",,,0,0
266,1,5,1,89,"駆動力‐時間要求",59,"N",114,"1254 kg","前提条件
車両燃費性能計画から）",,,"-",,,0,0
267,1,5,1,89,"駆動力‐時間要求",59,"N",18,"0.321","前提条件
車両燃費性能計画から）",,,"-",,,0,0
268,1,5,1,89,"駆動力‐時間要求",59,"N",20,"2.11 m^2","前提条件
車両燃費性能計画から）",,,"-",,,0,0
269,1,5,1,89,"駆動力‐時間要求",59,"N",43,"185/60R16
66","前提条件
車両燃費性能計画から）",,,"-",,,0,0
270,1,5,1,89,"駆動力‐時間要求",59,"N",44,"Brake 1.7 Nm
Hub 2.1 Nm","前提条件
車両燃費性能計画から）",,,"-",,,0,0
271,1,5,1,89,"駆動力‐時間要求",1,"N",115,"最大トルク
最高出力","前提条件
(車両動力性能計画から)",,,"-",,,0,0
272,1,5,1,89,"駆動力‐時間要求",111,"W",116,"ePT(MOT,INV. Batt)各部品許容温度以下",,,,"-",,,0,0
273,1,5,2,90,"ePT(MOT,INV. Batt)各部品許容温度以下",112,,117,"W","各ユニットで決まった材料特性を前提とする
Motorコイル
Inverter素子
Batteryセル","272",,"-",,,0,0
274,1,5,2,90,"ePT(MOT,INV. Batt)各部品許容温度以下",113,,118,,"各ユニットで決まった材料特性を前提とする
Motorコイル
Inverter素子
Batteryセル","272",,"-",,,0,0
275,1,5,2,90,"ePT(MOT,INV. Batt)各部品許容温度以下",114,,119,"m3/min",,"272",,"-",,,0,0
276,1,5,2,90,"ePT(MOT,INV. Batt)各部品許容温度以下",115,,120,"W",,"272",,"-",,,0,0
277,1,5,3,91,"W",116,,121,"Ω
J/g・K
kg
℃","DB:507だがシステムのL二つがくっついている！！！！","274",,"-",,,0,0
278,1,5,3,91,"W",117,,122,"㎡K/W","DB:507だがシステムのL二つがくっついている！！！！","274",,"-",,,0,0
279,1,5,3,91,"W",118,"W/m^2 x K",123,"ｖ＝m/sec/m^2","DB:507だがシステムのL二つがくっついている！！！！","274",,"-",,,0,0
280,1,5,3,91,"W",118,"W/m^2 x K",124,,"DB:507だがシステムのL二つがくっついている！！！！","274",,"-",,,0,0
281,1,5,3,91,"W",118,"W/m^2 x K",125,,"DB:507だがシステムのL二つがくっついている！！！！","274",,"-",,,0,0
282,1,5,3,91,"W",118,"W/m^2 x K",126,"m^2","DB:507だがシステムのL二つがくっついている！！！！","274",,"-",,,0,0
283,1,5,3,92,"m3/min",119,,127,"m^3/rev",,"275",,"-",,,0,0
284,1,5,3,92,"m3/min",119,,128,"rpm",,"275",,"-",,,0,0
285,1,5,3,92,"m3/min",119,,129,"W",,"275",,"-",,,0,0
286,1,5,3,92,"m3/min",119,,130,,,"275",,"-",,,0,0
287,1,5,3,92,"m3/min",120,,131,,,"275",,"-",,,0,0
288,1,5,3,92,"m3/min",120,,132,"≧ XXX Pa YYY m^3/min",,"275",,"-",,,0,0
289,1,5,3,93,"W",121,,133,"≧ XXX W/℃",,"276",,"-",,,0,0
290,1,5,3,93,"W",121,,134,"≧ XXX %",,"276",,"-",,,0,0
291,1,5,3,93,"W",121,,135,"≧ XXX L/min",,"276",,"-",,,0,0
292,1,5,3,93,"W",122,,136,"≧ XXX m/s",,"276",,"-",,,0,0
293,1,5,3,93,"W",122,,137,,,"276",,"-",,,0,0
294,1,5,3,93,"W",122,,138,"≧ XXX Pa YYY m^3/min",,"276",,"-",,,0,0
295,1,5,3,93,"W",123,,139,,,"276",,"-",,,0,0
296,1,5,3,93,"W",123,,139,"≦ XXX℃","前提条件","276",,"-",,,0,0
297,1,5,3,93,"W",123,,140,"≦XXX W","前提条件","276",,"-",,,0,0
298,1,5,3,93,"W",123,,141,"≦XXX W","前提条件","276",,"-",,,0,0
299,1,5,1,94,"km@25℃
km@35℃
km@-10℃",,"kWh",114,"kg","車両電費性能から",,,"-",,,0,0
300,1,5,1,94,"km@25℃
km@35℃
km@-10℃",,"kWh",18,,"車両電費性能から",,,"-",,,0,0
301,1,5,1,94,"km@25℃
km@35℃
km@-10℃",,"kWh",20,"m^2","車両電費性能から",,,"-",,,0,0
302,1,5,1,94,"km@25℃
km@35℃
km@-10℃",,"kWh",24,"Nm","車両電費性能から",,,"-",,,0,0
303,1,5,1,94,"km@25℃
km@35℃
km@-10℃",29,"kWh",25,"W","車両電費性能から",,,"-",,,0,0
304,1,5,1,94,"km@25℃
km@35℃
km@-10℃",29,"kWh",26,"%","車両電費性能から",,,"-",,,0,0
305,1,5,1,94,"km@25℃
km@35℃
km@-10℃",29,"kWh",27,"W","車両電費性能から",,,"-",,,0,0
306,1,5,1,94,"km@25℃
km@35℃
km@-10℃",30,"kWh",28,"kWh","車両電費性能から",,,"-",,,0,0
307,1,5,1,94,"km@25℃
km@35℃
km@-10℃",30,"kWh",29,"kWh","車両電費性能から",,,"-",,,0,0
308,1,5,1,94,"km@25℃
km@35℃
km@-10℃",30,"kWh",31,"G","車両電費性能から",,,"-",,,0,0
309,1,5,1,94,"km@25℃
km@35℃
km@-10℃",124,"kWh",34,"％","車両電費性能から",,,"-",,,0,0
310,1,5,1,94,"km@25℃
km@35℃
km@-10℃",,"kWh",43,,"車両電費性能から",,,"-",,,0,0
311,1,5,1,94,"km@25℃
km@35℃
km@-10℃",125,"I-t",142,"I-tプロファイル(部品共通)",,,,"-",,,0,0
312,1,5,1,94,"km@25℃
km@35℃
km@-10℃",126,"kWh",143,"kWh",,,,"-",,,0,0
313,1,5,1,95,"〇時間以内
カメランプ点灯無き事",127,"km/kW",144,"km","電費性能計画から",,,"-",,,0,0
314,1,5,1,95,"〇時間以内
カメランプ点灯無き事",127,"km/kW",145,"km","上記のRecovery Rangeの目標から",,,"-",,,0,0
315,1,5,1,95,"〇時間以内
カメランプ点灯無き事",128,"h",146,"kWh","Recovery Rangeで決める",,,"-",,,0,0
316,1,5,1,95,"〇時間以内
カメランプ点灯無き事",129,"回",147,,"充電回数＞(必要電力量‐初期Full蓄電量)/30min蓄電量",,,"-",,,0,0
317,1,5,2,96,"kWh=∫I(t) x V dI/dt",130,,148,"I-tプロファイル(部品共通)","DB:要求値要求シーン共に微妙に表記が違いどれとどれがむずびつくのかわからない","312",,"-",,,0,0
318,1,5,2,96,"kWh=∫I(t) x V dI/dt",130,,149,"I-tプロファイル(部品共通)","AEから(Cell特性)DB:要求値要求シーン共に微妙に表記が違いどれとどれがむずびつくのかわからない","312",,"-",,,0,0
319,1,5,2,96,"kWh=∫I(t) x V dI/dt",131,,150,"W","DB:要求値要求シーン共に微妙に表記が違いどれとどれがむずびつくのかわからない","312",,"-",,,0,0
320,1,5,2,96,"kWh=∫I(t) x V dI/dt",131,,151,"W","AEから(Cell特性)DB:要求値要求シーン共に微妙に表記が違いどれとどれがむずびつくのかわからない","312",,"-",,,0,0
321,1,5,2,97,"kWh=∫I(t) x V dI/dt",132,,152,,"AEで決定DB:要求値要求シーン共に微妙に表記が違いどれとどれがむずびつくのかわからない","312",,"-",,,0,0
322,1,5,2,97,"kWh=∫I(t) x V dI/dt",132,,153,"℃","AEで決定DB:要求値要求シーン共に微妙に表記が違いどれとどれがむずびつくのかわからない","312",,"-",,,0,0
323,1,5,2,97,"kWh=∫I(t) x V dI/dt",133,,154,"kW","DB:要求値要求シーン共に微妙に表記が違いどれとどれがむずびつくのかわからない","312",,"-",,,0,0
324,1,5,2,97,"kWh=∫I(t) x V dI/dt",133,,155,"kW","DB:要求値要求シーン共に微妙に表記が違いどれとどれがむずびつくのかわからない","312",,"-",,,0,0
325,1,5,2,98,"kWh=∫I(t) x V dI/dt",134,,156,,"AEで決定DB:要求値要求シーン共に微妙に表記が違いどれとどれがむずびつくのかわからない","312",,"-",,,0,0
326,1,5,2,98,"kWh=∫I(t) x V dI/dt",134,,157,"℃","AEで決定DB:要求値要求シーン共に微妙に表記が違いどれとどれがむずびつくのかわからない","312",,"-",,,0,0
327,1,5,2,98,"kWh=∫I(t) x V dI/dt",135,,158,"kW","DB:要求値要求シーン共に微妙に表記が違いどれとどれがむずびつくのかわからない","312",,"-",,,0,0
328,1,5,2,98,"kWh=∫I(t) x V dI/dt",135,,159,"kW","DB:要求値要求シーン共に微妙に表記が違いどれとどれがむずびつくのかわからない","312",,"-",,,0,0
329,1,5,3,99,"I-tプロファイル(部品共通)
（外気温35℃要求）",136,"Tmax：部品最高温度=耐熱温度",160,"　℃","DB:R全然違うわよ","317",,"-",,,0,0
330,1,5,3,99,"I-tプロファイル(部品共通)
（外気温35℃要求）",136,"Tmax：部品最高温度=耐熱温度",161,"　℃","DB:alloたくさん","317",,"-",,,0,0
331,1,5,3,99,"I-tプロファイル(部品共通)
（外気温35℃要求）",136,"Tmax：部品最高温度=耐熱温度",162,"　℃　","DB:alloたくさん","317",,"-",,,0,0
332,1,5,3,99,"I-tプロファイル(部品共通)
（外気温35℃要求）",137,"R=(Tmax-To)・C/(I^2・ｔ)

Tmax：部品最高温度=耐熱温度
To：初期温度
R：電気抵抗
I：電流
t：通電時間
Ｃ：熱容量　",96,"　Ω","DB:R全然違うわよ","317",,"-",,,0,0
333,1,5,3,99,"I-tプロファイル(部品共通)
（外気温35℃要求）",137,"R=(Tmax-To)・C/(I^2・ｔ)

Tmax：部品最高温度=耐熱温度
To：初期温度
R：電気抵抗
I：電流
t：通電時間
Ｃ：熱容量　",164,"　Ω","DB:R全然違うわよ","317",,"-",,,0,0
334,1,5,3,99,"I-tプロファイル(部品共通)
（外気温35℃要求）",137,"R=(Tmax-To)・C/(I^2・ｔ)

Tmax：部品最高温度=耐熱温度
To：初期温度
R：電気抵抗
I：電流
t：通電時間
Ｃ：熱容量　",165,"　Ω","DB:R全然違うわよ","317",,"-",,,0,0
335,1,5,3,99,"I-tプロファイル(部品共通)
（外気温35℃要求）",137,"R=(Tmax-To)・C/(I^2・ｔ)

Tmax：部品最高温度=耐熱温度
To：初期温度
R：電気抵抗
I：電流
t：通電時間
Ｃ：熱容量　",166,"　Ω","DB:R全然違うわよ","317",,"-",,,0,0
336,1,5,3,99,"I-tプロファイル(部品共通)
（外気温35℃要求）",137,"R=(Tmax-To)・C/(I^2・ｔ)

Tmax：部品最高温度=耐熱温度
To：初期温度
R：電気抵抗
I：電流
t：通電時間
Ｃ：熱容量　",167,"　kN","DB:R全然違うわよ","317",,"-",,,0,0
337,1,5,3,99,"I-tプロファイル(部品共通)
（外気温35℃要求）",138,"熱容量=比熱(J/(g・K)×重量(g)",168,"　J/K","DB:R全然違うわよ","317",,"-",,,0,0
338,1,5,3,99,"I-tプロファイル(部品共通)
（外気温35℃要求）",138,"熱容量=比熱(J/(g・K)×重量(g)",169,"　J/K","DB:R全然違うわよ","317",,"-",,,0,0
339,1,5,3,99,"I-tプロファイル(部品共通)
（外気温35℃要求）",138,"熱容量=比熱(J/(g・K)×重量(g)",170,"　J/K","DB:R全然違うわよ","317",,"-",,,0,0
340,1,5,3,99,"I-tプロファイル(部品共通)
（外気温35℃要求）",138,"熱容量=比熱(J/(g・K)×重量(g)",171,"　J/K","DB:R全然違うわよ","317",,"-",,,0,0
341,1,5,3,100,"充電ポート：90℃を越えない",139,,172,"　℃","DB:R全然違うわよ",,,"-",,,0,0
342,1,5,3,100,"充電ポート：90℃を越えない",139,,173,"　％","DB:R全然違うわよ",,,"-",,,0,0
343,1,5,3,100,"充電ポート：90℃を越えない",139,,174,,"DB:R全然違うわよ",,,"-",,,0,0
344,1,5,3,101,"I-t線図外に部品が設計されている",140,"シビアシーンI-t線図外",175,,"DB:R全然違うわよ",,,"-",,,0,0
345,1,5,3,101,"I-t線図外に部品が設計されている",140,"シビアシーンI-t線図外",176,,"DB:R全然違うわよ",,,"-",,,0,0
346,1,5,3,101,"I-t線図外に部品が設計されている",140,"シビアシーンI-t線図外",177,,"DB:R全然違うわよ",,,"-",,,0,0
347,1,5,3,101,"I-t線図外に部品が設計されている",140,"シビアシーンI-t線図外",178,,"DB:R全然違うわよ",,,"-",,,0,0
348,1,5,3,101,"I-t線図外に部品が設計されている",141,,179,,"DB:R全然違うわよ",,,"-",,,0,0
349,1,5,3,101,"I-t線図外に部品が設計されている",142,,180,"254.1J/k","DB:R全然違うわよ",,,"-",,,0,0
350,1,5,3,101,"I-t線図外に部品が設計されている",142,,181,"7.3J/k","DB:R全然違うわよ",,,"-",,,0,0
351,1,5,3,101,"I-t線図外に部品が設計されている",143,,182,,"DB:R全然違うわよ",,,"-",,,0,0
352,1,5,3,101,"I-t線図外に部品が設計されている",143,,183,,"DB:R全然違うわよ",,,"-",,,0,0
353,1,5,3,101,"I-t線図外に部品が設計されている",143,,184,,"DB:R全然違うわよ",,,"-",,,0,0
354,1,5,3,101,"I-t線図外に部品が設計されている",143,,185,,"DB:R全然違うわよ",,,"-",,,0,0
355,1,5,3,101,"I-t線図外に部品が設計されている",143,,186,,"DB:R全然違うわよ",,,"-",,,0,0
356,1,5,3,101,"I-t線図外に部品が設計されている",144,"Q＝R x ∫I(t)2 dt",187,,"DB:R全然違うわよ",,,"-",,,0,0
357,1,5,3,101,"I-t線図外に部品が設計されている",144,"Q＝R x ∫I(t)2 dt",188,,"DB:R全然違うわよ",,,"-",,,0,0
358,1,5,3,101,"I-t線図外に部品が設計されている",144,"Q＝R x ∫I(t)2 dt",189,,"DB:R全然違うわよ",,,"-",,,0,0
359,1,5,3,101,"I-t線図外に部品が設計されている",144,"Q＝R x ∫I(t)2 dt",190,,"DB:R全然違うわよ",,,"-",,,0,0
360,1,5,3,101,"I-t線図外に部品が設計されている",144,"Q＝R x ∫I(t)2 dt",191,,"DB:R全然違うわよ",,,"-",,,0,0
361,1,5,3,101,"I-t線図外に部品が設計されている",145,,192,"131.2J/k","DB:R全然違うわよ",,,"-",,,0,0
362,1,5,3,101,"I-t線図外に部品が設計されている",145,,193,"61.9J/k","DB:R全然違うわよ",,,"-",,,0,0
363,1,5,3,101,"I-t線図外に部品が設計されている",145,,194,"77.7J/k","DB:R全然違うわよ",,,"-",,,0,0
364,1,5,3,101,"I-t線図外に部品が設計されている",145,,195,"60.6J/k","DB:R全然違うわよ",,,"-",,,0,0
365,1,5,3,101,"I-t線図外に部品が設計されている",145,,196,"8.0J/k","DB:R全然違うわよ",,,"-",,,0,0
366,1,5,3,101,"I-t線図外に部品が設計されている",145,,197,"32.3J/k","DB:R全然違うわよ",,,"-",,,0,0
367,1,5,3,101,"I-t線図外に部品が設計されている",145,,198,,"DB:R全然違うわよ",,,"-",,,0,0
368,1,5,3,101,"I-t線図外に部品が設計されている",146,,199,,"DB:R全然違うわよ",,,"-",,,0,0
369,1,5,3,101,"I-t線図外に部品が設計されている",146,,200,,"DB:R全然違うわよ",,,"-",,,0,0
370,1,5,3,101,"I-t線図外に部品が設計されている",146,,201,,"DB:R全然違うわよ",,,"-",,,0,0
371,1,5,3,101,"I-t線図外に部品が設計されている",146,,202,,"DB:R全然違うわよ",,,"-",,,0,0
372,1,5,3,101,"I-t線図外に部品が設計されている",146,,203,,"DB:R全然違うわよ",,,"-",,,0,0
373,1,5,3,101,"I-t線図外に部品が設計されている",146,,204,,"DB:R全然違うわよ",,,"-",,,0,0
374,1,5,3,101,"I-t線図外に部品が設計されている",146,,205,,"DB:R全然違うわよ",,,"-",,,0,0
375,1,5,3,101,"I-t線図外に部品が設計されている",146,,206,,"DB:R全然違うわよ",,,"-",,,0,0
376,1,5,3,101,"Fuse I-t特性外に部品が設計されている",144,"Q＝R x ∫I(t)2 dt",207,,"DB:R全然違うわよ",,,"-",,,0,0
377,1,5,3,101,"Fuse I-t特性外に部品が設計されている",145,,208,,"DB:allocateない",,,"-",,,0,0
378,1,5,3,101,"Fuse I-t特性外に部品が設計されている",146,,209,,"DB:R全然違うわよ",,,"-",,,0,0
379,1,5,3,101,"Fuse I-t特性外に部品が設計されている",146,,210,,"DB:allocateない",,,"-",,,0,0
380,1,5,3,102,"Fuse I-t特性外に部品が設計されている",147,"走行シーンによるIT特性は最弱部位(Harness)の左側になる",211,,"DB:R全然違うわよ",,,"-",,,0,0
381,1,5,3,102,"Fuse I-t特性外に部品が設計されている",147,"走行シーンによるIT特性は最弱部位(Harness)の左側になる",212,,"DB:R全然違うわよ",,,"-",,,0,0
382,1,5,3,102,"Fuse I-t特性外に部品が設計されている",147,"走行シーンによるIT特性は最弱部位(Harness)の左側になる",213,,"DB:R全然違うわよ",,,"-",,,0,0
383,1,5,3,103,"W",149,,214,"J/g・K","DB:R全然違うわよ",,,"-",,,0,0
384,1,5,3,104,"W",149,,215,"Ω","DB:R全然違うわよ",,,"-",,,0,0
385,1,5,3,105,"W",150,,122,"㎡K/W","DB:R全然違うわよ",,,"-",,,0,0
386,1,5,3,105,"W",151,,124,,"DB:R全然違うわよ",,,"-",,,0,0
387,1,5,3,105,"W",151,,125,,"DB:R全然違うわよ",,,"-",,,0,0
388,1,5,3,105,"W",151,,126,"m^2","DB:R全然違うわよ",,,"-",,,0,0
389,1,5,3,105,"W",149,,216,"kg","DB:R全然違うわよ",,,"-",,,0,0
390,1,5,3,105,"W",151,,217,"m^3/rev","DB:R全然違うわよ",,,"-",,,0,0
391,1,5,3,105,"W",151,,218,"rpm","DB:R全然違うわよ",,,"-",,,0,0
392,1,5,3,105,"W",151,,219,"W","DB:R全然違うわよ",,,"-",,,0,0
393,1,5,3,105,"W",151,,220,"m^2","DB:R全然違うわよ",,,"-",,,0,0
394,1,5,3,105,"W",152,,221,,"DB:R全然違うわよ",,,"-",,,0,0
395,1,5,3,105,"W",153,,221,,"DB:R全然違うわよ",,,"-",,,0,0
396,1,5,3,105,"W",152,,222,"℃","DB:R全然違うわよ",,,"-",,,0,0
397,1,5,3,105,"W",152,,223,"m^3/sec","DB:R全然違うわよ",,,"-",,,0,0
398,1,5,3,105,"W",153,,224,,"DB:R全然違うわよ",,,"-",,,0,0
399,1,5,3,105,"W",153,,225,,"DB:R全然違うわよ",,,"-",,,0,0
400,1,5,3,105,"W",153,,226,,"DB:R全然違うわよ",,,"-",,,0,0
401,1,5,3,105,"W",153,,227,,"DB:R全然違うわよ",,,"-",,,0,0
402,1,5,3,105,"W",154,,228,,"DB:R全然違うわよ",,,"-",,,0,0
403,1,5,3,105,"W",154,,229,,"DB:R全然違うわよ",,,"-",,,0,0
404,1,5,3,105,"W",154,,230,,"DB:R全然違うわよ",,,"-",,,0,0
405,1,5,3,106,"W",156,,110,,"DB:R全然違うわよ",,,"-",,,0,0
406,1,5,3,107,"W",155,,231,"W","DB:R全然違うわよ",,,"-",,,0,0
407,1,5,3,108,"W",157,,122,"㎡K/W","DB:allocate勝手に追加",,,"-",,,0,0
408,1,5,3,108,"W",150,,122,"㎡K/W","DB:R全然違うわよ",,,"-",,,0,0
409,1,5,3,108,"W",151,,124,,"DB:R全然違うわよ",,,"-",,,0,0
410,1,5,3,108,"W",151,,125,,"DB:R全然違うわよ",,,"-",,,0,0
411,1,5,3,108,"W",151,,126,"m^2","DB:R全然違うわよ",,,"-",,,0,0
412,1,5,3,108,"W",149,,215,"Ω","DB:R全然違うわよ",,,"-",,,0,0
413,1,5,3,108,"W",149,,214,"J/g・K","DB:R全然違うわよ",,,"-",,,0,0
414,1,5,3,108,"W",149,,216,"kg","DB:R全然違うわよ",,,"-",,,0,0
415,1,5,3,108,"W",151,,217,"m^3/rev","DB:R全然違うわよ",,,"-",,,0,0
416,1,5,3,108,"W",151,,218,"rpm","DB:R全然違うわよ",,,"-",,,0,0
417,1,5,3,108,"W",151,,219,"W","DB:R全然違うわよ",,,"-",,,0,0
418,1,5,3,108,"W",151,,220,"m^2","DB:R全然違うわよ",,,"-",,,0,0
419,1,5,3,108,"W",152,,221,,"DB:R全然違うわよ",,,"-",,,0,0
420,1,5,3,108,"W",152,,222,"℃","DB:R全然違うわよ",,,"-",,,0,0
421,1,5,3,108,"W",152,,223,"m^3/sec","DB:R全然違うわよ",,,"-",,,0,0
422,1,5,3,108,"W",154,,228,,"DB:R全然違うわよ",,,"-",,,0,0
423,1,5,3,108,"W",154,,229,,"DB:R全然違うわよ",,,"-",,,0,0
424,1,5,3,108,"W",154,,230,,"DB:R全然違うわよ",,,"-",,,0,0
425,1,5,1,109,"足元雰囲気温度25℃、35℃到達時間",158,,232,"FOOT吹出温〇℃",,,,"-",,,0,0
426,1,5,1,109,"足元雰囲気温度25℃、35℃到達時間",158,,233,"FOOT風量
〇m3/min",,,,"-",,,0,0
427,1,5,1,109,"足元雰囲気温度25℃、35℃到達時間",159,,234,,,,,"-",,,0,0
428,1,5,1,109,"足元雰囲気温度25℃、35℃到達時間",160,,235,"
蹴られ率〇%以下",,,,"-",,,0,0
429,1,5,1,109,"足元雰囲気温度25℃、35℃到達時間",160,,236,"風速〇m/s以上が〇点以上",,,,"-",,,0,0
430,1,5,2,110,,161,,237,"〇kw",,"425",,"-",,,0,0
431,1,5,2,110,,162,,238,"〇kg/h",,"425",,"-",,,0,0
432,1,5,2,110,,,,239,"〇kw",,"425",,"-",,,0,0
433,1,5,2,110,,163,,240,"〇L/min",,"425",,"-",,,0,0
434,1,5,2,110,,164,,241,"〇℃",,"425",,"-",,,0,0
435,1,5,2,110,,164,,242,"〇℃",,"425",,"-",,,0,0
436,1,5,2,110,,164,,243,"〇℃",,"425",,"-",,,0,0
437,1,5,2,110,,164,,244,"〇℃",,"425",,"-",,,0,0
438,1,5,2,111,,165,,245,"〇Pa以上",,"426",,"-",,,0,0
439,1,5,2,111,,165,,246,"〇Pa以下",,"426",,"-",,,0,0
440,1,5,3,112,"〇℃",,,247,"〇kW以上",,"434",,"-",,,0,0
441,1,5,3,112,"〇℃",,,248,"〇%",,"434",,"-",,,0,0
442,1,5,3,113,"〇℃",,,249,"〇kW以上",,"435",,"-",,,0,0
443,1,5,3,113,"〇℃",,,250,"〇%","DB:つかれる","435",,"-",,,0,0
444,1,5,3,114,"〇L/min",,,251,"〇Pa以下",,"433",,"-",,,0,0
445,1,5,3,114,"〇L/min",,,252,"〇Pa以上",,"433",,"-",,,0,0
446,1,5,3,114,"〇L/min",,,253,"〇kPa以下(Max値)",,"433",,"-",,,0,0
447,1,5,3,115,"〇℃",,,110,,,"437",,"-",,,0,0
448,1,5,3,116,"〇kg/h",,,254,"〇kg/h以上",,,,"-",,,0,0
449,1,5,3,116,"〇kg/h",,,255,"〇Pa以下",,,,"-",,,0,0
450,1,5,3,116,"〇kg/h",,,256,"〇Pa以下",,,,"-",,,0,0
451,1,5,3,116,"〇kg/h",,,257,"〇Pa以下",,,,"-",,,0,0
452,1,5,3,117,,,,254,"〇kg/h以上",,,,"-",,,0,0
453,1,5,3,117,,,,255,"〇Pa以下",,,,"-",,,0,0
454,1,5,3,117,,,,257,"〇Pa以下",,,,"-",,,0,0
455,1,5,3,117,,,,258,"〇Pa以下",,,,"-",,,0,0
456,1,5,3,118,"〇kw",,,259,"〇kW以上",,,,"-",,,0,0
457,1,5,3,118,"〇kw",,,260,"〇kW以上",,,,"-",,,0,0
458,1,5,3,119,"〇Pa以上",,,261,"Fr:〇W以上
Rr:△W以上",,"444",,"-",,,0,0
459,1,5,3,120,"〇Pa以上",,,261,"Fr:〇W以上
Rr:△W以上",,"445",,"-",,,0,0
460,1,5,3,121,"〇Pa以下",,,262,"〇Pa以下",,,,"-",,,0,0
461,1,5,3,121,"〇Pa以下",,,263,"〇Pa以下",,,,"-",,,0,0
462,1,5,3,121,"〇Pa以下",,,264,"〇Pa以下",,,,"-",,,0,0
463,1,5,3,122,"〇Pa以下",,,99,,,,,"-",,,0,0
464,1,6,1,123,"Gpp ≦ 0.03[G]
※LPF20Hz
(バラつき下限
Gpp ≦ 0.03[G])",23,"ー",266,"D/SFTトルクpp値:10Nm以下※両軸","[Kei]固有目標",,,"-",,,0,0
465,1,6,1,123,"Gpp ≦ 0.03[G]
※LPF20Hz
(バラつき下限
Gpp ≦ 0.03[G])",23,"ー",267,"(given)
ホイールIP 0.19 kgm^2
タイヤIP　　0.49 kgm^2
Total 0.68 kgm^2","車両特性",,,"-",,,0,0
466,1,6,1,123,"Gpp ≦ 0.03[G]
※LPF20Hz
(バラつき下限
Gpp ≦ 0.03[G])",23,"ー",268,"(Given)
0.271m　　　","※F-4",,,"-",,,0,0
467,1,6,1,123,"Gpp ≦ 0.03[G]
※LPF20Hz
(バラつき下限
Gpp ≦ 0.03[G])",23,"ー",269,"(MBSE#2 Ref.)
4WD Fr：12.728
4WD Rr：11.136","※F-4",,,"-",,,0,0
468,1,6,1,123,"Gpp ≦ 0.03[G]
※LPF20Hz
(バラつき下限
Gpp ≦ 0.03[G])",23,"ー",269,"(MBSE#2 Ref.)
2WD Rr：12.728","※F-4",,,"-",,,0,0
469,1,6,1,123,"Gpp ≦ 0.03[G]
※LPF20Hz
(バラつき下限
Gpp ≦ 0.03[G])",23,"ー",270,"(Given)
2WD：1080+130=
1210kg
4WD：1177+130=
1307kg","※F-4",,,"-",,,0,0
470,1,6,1,123,"Gpp ≦ 0.03[G]
※LPF20Hz
(バラつき下限
Gpp ≦ 0.03[G])",24,"ー",271,"最大トルクでも非線形域に突入しないこと","MTRマウント特性",,,"-",,,0,0
471,1,6,1,123,"Gpp ≦ 0.03[G]
※LPF20Hz
(バラつき下限
Gpp ≦ 0.03[G])",24,"ー",272,"ねじり固有値と2Hz以内に近接しないこと","※F-5",,,"-",,,0,0
472,1,6,1,124,"Gpp ≦ 0.03[G]
※LPF20Hz
(バラつき下限
Gpp ≦ 0.03[G])",27,"ー",266,"D/SFTトルクpp値:10Nm以下※両軸","ー",,,"-",,,0,0
473,1,6,1,125,"Gpp ≦ 0.05[G]
※LPF20Hz",25,"ー",273,"※F-5と同じ","ー",,,"-",,,0,0
474,1,6,1,125,"Gpp ≦ 0.05[G]
※LPF20Hz",23,"ー",274,"1次遅れフィルタ時定数 0.04sec　(仮)
(0km/h, APO=1.0)","ー",,,"-",,,0,0
475,1,6,1,125,"Gpp ≦ 0.05[G]
※LPF20Hz",23,"ー",274,"D/SFTトルクレート
(駆動トルク3段折れレートリミット制御）14787Nm/s (仮)","DB:L名変更しましたUgh",,,"-",,,0,0
476,1,6,1,126,"0.15≦tG01≦0.25 [sec]
※LPF9Hz
(VPT目標:0.17[sec])
(仮)",26,"ー",266,"ー","ー",,,"-",,,0,0
477,1,6,1,127,"TBD≦tG01≦TBD",26,"ー",266,"ー","ー",,,"-",,,0,0
478,1,6,1,128,"Gpp ≦ 0.012[G]
※LPF20Hz
(バラつき下限Gpp ≦ 0.016[G])",72,"ー",266,"D/SFTトルクpp値:38Nm以下※両軸","ー",,,"-",,,0,0
479,1,6,1,128,"Gpp ≦ 0.012[G]
※LPF20Hz
(バラつき下限Gpp ≦ 0.016[G])",25,"ー",273,"※F-5と同じ","ー",,,"-",,,0,0
480,1,6,1,128,"Gpp ≦ 0.012[G]
※LPF20Hz
(バラつき下限Gpp ≦ 0.016[G])",72,"ー",275,"※F-4と同じ","ー",,,"-",,,0,0
481,1,6,1,129,"Gpp ≦ 0.016[G]
※LPF 20Hz",72,"ー",266,"D/SFTトルクpp値:50Nm以下※両軸","ー",,,"-",,,0,0
482,1,6,1,130,"Gpp ≦ 0.012[G]
※LPF20Hz",73,"ー",266,"D/SFTトルクpp値:14Nm以下※両軸","ー",,,"-",,,0,0
483,1,6,1,131,"Gpp ≦ 0.023[G]
※9Hz LPF
(Conv流用指標のため)",74,"ー",266,"D/SFTトルクpp値:20Nm以下※両軸","ー",,,"-",,,0,0
484,1,6,1,131,"Gpp ≦ 0.023[G]
※9Hz LPF
(Conv流用指標のため)",25,"ー",273,"※F-5と同じ","ー",,,"-",,,0,0
485,1,6,1,131,"Gpp ≦ 0.023[G]
※9Hz LPF
(Conv流用指標のため)",74,"ー",275,"※F-4と同じ","ー",,,"-",,,0,0
486,1,6,1,131,"Gpp ≦ 0.023[G]
※9Hz LPF
(Conv流用指標のため)",74,"ー",276,"タイヤユニフォーミティ(TFV)
:130N以下","ー",,,"-",,,0,0
487,1,6,1,132,"ショック
Gpp1≦0.03G
(max Gpp)
Gpp2≦0.015G
(2nd max Gpp)
ラグ
tGp≦1.0sec
※9Hz LPF",75,"ー",266,"D/SFTトルクpp値:40Nm以下※両軸","ー",,,"-",,,0,0
488,1,6,1,132,"ショック
Gpp1≦0.03G
(max Gpp)
Gpp2≦0.015G
(2nd max Gpp)
ラグ
tGp≦1.0sec
※9Hz LPF",25,"ー",273,"※F-5と同じ","ー",,,"-",,,0,0
489,1,6,1,132,"ショック
Gpp1≦0.03G
(max Gpp)
Gpp2≦0.015G
(2nd max Gpp)
ラグ
tGp≦1.0sec
※9Hz LPF",75,"ー",275,"※F-4と同じ","ー",,,"-",,,0,0
490,1,6,1,133,"Gpp≦0.18G
※w/o LPF",76,"ー",266,"D/SFTトルクpp値:180Nm以下※両軸","ー",,,"-",,,0,0
491,1,6,1,133,"Gpp≦0.18G
※w/o LPF",25,"ー",273,"※F-5と同じ","ー",,,"-",,,0,0
492,1,6,1,133,"Gpp≦0.18G
※w/o LPF",76,"ー",275,"※F-4と同じ","ー",,,"-",,,0,0
493,1,6,1,134,"Gpp≦0.08G
※w/o LPF",76,"ー",277,"AutoHold-ON時、Pセレクトと連動してePKBが作動すること","ー",,,"-",,,0,0
494,1,6,1,135,"ずり下がり量：6.4cm以下",77,"ー",266,"TBD","ー",,,"-",,,0,0
495,1,6,1,136,"Gpp≦0.022G
(w/o LPF)",78,"ー",266,"D/SFTトルクpp値:20Nm以下※両軸","ー",,,"-",,,0,0
496,1,6,1,137,"Gjerk(絶対値)≦0.03G/s

※PZ1A SDSW課題で現地商品性、UE2、XTLで決めた車両目標。",79,"ー",278,"TBD","ー",,,"-",,,0,0
497,1,6,1,138,"Gpp≦0.01G
※w/o LPF",80,"ー",266,"D/SFTトルクpp値:6Nm以下
※両軸","ー",,,"-",,,0,0
498,1,6,1,139,"Gpp≦0.015G
※w/o LPF",81,"ー",266,"D/SFTトルクpp値:10Nm以下※両軸","ー",,,"-",,,0,0
499,1,6,2,140,"TBD",82,"ー",279,"ー","ー","508",,"-",,,0,0
500,1,6,2,140,"ー",82,"ー",279,"A.全開発進
tTg01 ≦ 0.2 [sec]
(0.1G発生に必要なトルクを発生するまでの時間)
※0.1G発生するのに必要なトルク:Tg01=70Nm","ー","490","?","-",,,0,0
501,1,6,2,140,"D/SFTトルクpp値:40Nm以下※両軸",82,"ー",279,"ー","ー","501",,"-",,,0,0
502,1,6,2,140,"D/SFTトルクpp値:180Nm以下※両軸",82,"ー",279,"ー","ー","504",,"-",,,0,0
503,1,6,2,140,"ー",82,"ー",279,"B.全開再加速
tTg01 ≦ TBD [sec]","ー","491","?","-",,,0,0
504,1,6,2,140,"D/SFTトルクpp値:14Nm以下※両軸",82,"ー",280,"ー","ー","496",,"-",,,0,0
505,1,6,2,140,"D/SFTトルクpp値:6Nm以下
※両軸",82,"ー",279,"ー","ー","511",,"-",,,0,0
506,1,6,2,140,"D/SFTトルクpp値:20Nm以下※両軸",82,"ー",279,"ー","ー","495","?","-",,,0,0
507,1,6,2,140,"D/SFTトルクpp値:14Nm以下※両軸",82,"ー",279,"ー","ー","496",,"-",,,0,0
508,1,6,2,140,"D/SFTトルクpp値:20Nm以下※両軸",82,"ー",281,"ー","ー","495","?","-",,,0,0
509,1,6,2,140,"D/SFTトルクpp値:10Nm以下※両軸",82,"ー",279,"ー","ー DB:このSys階層RFLは同一のものが二つあるが、Unit階層ではRシーンが変わっている、本来はLシーン記入の時点でその違いを記述しておくべきでは？","478,486","?","-",,,0,0
510,1,6,2,140,"D/SFTトルクpp値:20Nm以下※両軸",82,"ー",279,"ー","ー","509","?","-",,,0,0
511,1,6,2,140,"D/SFTトルクpp値:10Nm以下※両軸",83,"ー",282,"(Given)
フロント(左右合計)：164.7Nm/deg
リヤ(左右合計)：135.1Nm/deg","ー","478","?","-",,,0,0
512,1,6,2,140,"D/SFTトルクpp値:10Nm以下※両軸",83,"ー",283,"Fr:0.8deg以下
Rr:0.5deg以下
※D/SFT軸上　NEM基準値","ー","478","?","-",,,0,0
513,1,6,2,140,"D/SFTトルクpp値:10Nm以下※両軸",83,"ー",284,"1.052deg±0.412deg以下
※D/SFT軸上","ー","478","?","-",,,0,0
514,1,6,2,140,"D/SFTトルクpp値:10Nm以下※両軸",83,"ー",285,"(Given)
0.38Nm※MTR端 (仮)","ー","478","?","-",,,0,0
515,1,6,2,140,"D/SFTトルクpp値:10Nm以下※両軸",83,"ー",286,"±0.3Nm以下
※MTR端","ー","478","?","-",,,0,0
516,1,6,2,140,"D/SFTトルクpp値:10Nm以下※両軸",83,"ー",287,"(Given)
Rr:0.031kg・m^2","ー","478","?","-",,,0,0
517,1,6,2,140,"D/SFTトルクpp値:10Nm以下※両軸",83,"ー",287,"(Given)
Fr:0.011045kg・m^2","ー","478","?","-",,,0,0
518,1,6,2,140,"D/SFTトルクpp値:10Nm以下※両軸",83,"ー",288,"(Given)
Fr:0.000827kg・m^2","ー","478","?","-",,,0,0
519,1,6,2,140,"D/SFTトルクpp値:10Nm以下※両軸",83,"ー",288,"(Given)
Fr:0.000556kg・m^2","ー","478","?","-",,,0,0
520,1,6,2,140,"D/SFTトルクpp値:10Nm以下※両軸",83,"ー",289,"(Given)TBD
※想定されるラインアップ軸径では影響微小","ー","478","?","-",,,0,0
521,1,6,2,140,"D/SFTトルクpp値:10Nm以下※両軸",83,"ー",290,"※F-3と同じ","ー","486","?","-",,,0,0
522,1,6,2,140,"D/SFTトルクpp値:40Nm以下※両軸",83,"ー",290,"※F-3と同じ","ー","501",,"-",,,0,0
523,1,6,2,140,"D/SFTトルクpp値:14Nm以下※両軸",83,"ー",290,"※F-3と同じ","ー","492",,"-",,,0,0
524,1,6,2,140,"D/SFTトルクpp値:180Nm以下※両軸",83,"ー",290,"※F-3と同じ","ー","504",,"-",,,0,0
525,1,6,2,140,"D/SFTトルクpp値:20Nm以下※両軸",83,"ー",290,"※F-3と同じ","ー","497","?","-",,,0,0
526,1,6,2,140,"TBD",82,"ー",291,"ー","DB:L変更なんでBat","510",,"-",,,0,0
527,1,6,2,140,"D/SFTトルクpp値:6Nm以下
※両軸",82,"ー",292,"ー","ー","512",,"-",,,0,0
528,1,6,2,140,"D/SFTトルクpp値:20Nm以下※両軸",82,"ー",293,"ー","ー","497",,,,,0,0
529,1,6,2,140,"D/SFTトルクpp値:10Nm以下※両軸",83,"ー",284,"1.052deg±0.412deg以下
※D/SFT軸上","ー","486",,,,,0,0
530,1,6,2,140,"D/SFTトルクpp値:20Nm以下※両軸",82,"ー",281,"ー","ー","495",,,,,0,0
531,1,6,3,141,"ー",105,"ー",294,"0~7％:300Nm/s(仮)
7~9％:400Nm/s(仮)","ーDB:Lに存在しなかったシーン発生！！！！","513",,"-",,,0,0
532,1,6,3,142,"ー",95,"ー",295,"トルクリプル補償前振幅
:片振幅10.0Nm以下
(24,48,72,96次次数の算術和　Overall)","ー","544",,"-",,,0,0
533,1,6,3,143,"全開発進
tTg01 ≦ 0.055sec
(0.1G発生に必要なトルクを発生するまでの時間)
※0.1G発生するのに必要なトルク:Tg01=70Nm",88,"ー",296,"トルク応答時定数(トルク発生から目標トルクの63.3%に到達するまでの時間)
:2ms+6ms","DB::なんでAとBけした！！！！","514",,"-",,,0,0
534,1,6,3,143,"ー",92,"ー",297,"実回転数に対するフィルタ後の回転数変動幅:11rpm以下","ー","521","?","-",,,0,0
535,1,6,3,144,"ー",85,"ー",298,"制振F/Bゲイン:0.4以上(B12P同等)
※机上検討でゲイン余裕12dBを満足するF/Bゲイン。","DB:FとLがつながってる！！！！","523",,"-",,,0,0
536,1,6,3,144,"ー",84,"ー",299,"モータトルク目-実精度:±1.0Nm以下
(B12P同等、フリクション補償込)","DB:FとLがつながってる！！！！","523",,"-",,,0,0
537,1,6,3,141,"ー",102,"ー",300,"勾配4.5%以上でカット禁止","ーDB:Lに存在しなかったシーン発生！！！！","513",,"-",,,0,0
538,1,6,3,145,"ー",89,"ー",301,"※F-1と同じ","ーDB:Lに存在しなかったシーン発生！！！！","516",,"-",,,0,0
539,1,6,3,144,"ー",84,"ー",302,"ガタ詰めトルク設定値:3Nm
(B12P同等)","DB:L修正要求値にようきゅうかくな！！！！DB:FとLがつながってる！！！！:523は二つのシーンを含有","523",,"-",,,0,0
540,1,6,3,141,"ー",104,"ー",303,"0~7％:56Nm
7~9％:73Nm","ーDB:Lに存在しなかったシーン発生！！！！","513",,"-",,,0,0
541,1,6,3,146,"ー",90,"ー",304,"※F-2と同じ","DB:Lに存在しなかったシーン発生！！！！","523",,"-",,,0,0
542,1,6,3,145,"ー",93,"ー",305,"シフト信号(P,N,other,unavailable)をINVに送信すること","ーDB:Lに存在しなかったシーン発生！！！！","516",,"-",,,0,0
543,1,6,3,147,"ー",84,"ー",299,"モータトルク目-実精度:±1.0Nm以下
(B12P同等、フリクション補償込)","DB:Lに存在しなかったシーン発生！！！！","515",,"-",,,0,0
544,1,6,3,141,"ー",103,"ー",306,"勾配4.5%以上でクリープ復帰","ーDB:Lに存在しなかったシーン発生！！！！","513",,"-",,,0,0
545,1,6,3,144,"ー",86,"ー",307,"3%以上","DB:FとLがつながってる！！！！","523",,"-",,,0,0
546,1,6,3,142,"ー",96,"ー",308,"車速2km/h以下において、Frモータートルク72.5Nm以上となる駆動力配分にならないこと
(82.5Nm-10Nm)","ー","544",,"-",,,0,0
547,1,6,3,145,"ー",93,"ー",309,"制振F/Bゲイン:0.51以上(B12P同等)
※机上検討でゲイン余裕12dBを満足するF/Bゲイン","ーDB:Lに存在しなかったシーン発生！！！！","516",,"-",,,0,0
548,1,6,3,143,"D/SFTトルクpp値:6Nm以下※両軸",109,"ー",310,"分解能1rpm
(QU系同等）","DB:Lにはなかった要求値書かれてる！！！！","519",,"-",,,0,0
549,1,6,3,143,"全開再加速
tTg01 ≦ TBD [sec]",88,"ー",311,"無駄時間(CAN受信からトルク発生まで):2ms以内","DB::なんでAとBけした！！！！","517",,"-",,,0,0
550,1,6,3,141,"ー",101,"ー",312,"勾配推定精度±3%","ーDB:Lに存在しなかったシーン発生！！！！","513",,"-",,,0,0
551,1,6,3,148,"ー",106,"ー",313,"モータトルク目-実精度:±1.0Nm以下
(B12P同等、フリクション補償込)","ーDB:Lに存在しなかったシーン発生！！！！","524",,"-",,,0,0
552,1,6,3,142,"ー",96,"ー",314,"車速2km/h以下において、Frモータートルク125Nm以上となる目標駆動力にならないこと
(135Nm-10Nm)","ー","544",,"-",,,0,0
553,1,6,3,149,"ー",97,"ー",315,"ー","ー","518",,"-",,,0,0
554,1,6,3,146,"ー",89,"ー",301,"※F-1と同じ","DB:523は二つのシーンを含有","523",,"-",,,0,0
555,1,6,3,148,"ー",107,"ー",316,"車速1.0~9.0kphの目標駆動力:-1Nm
（トルク精度の上限-フリクションのMin＝+1.0-0.38+0.3=0.92）","ーDB:Lに存在しなかったシーン発生！！！！","524",,"-",,,0,0
556,1,6,3,143,"ー",108,"ー",317,"7.5Nm/s
※車両Gが0.03G/secとなるMTRトルクレート","ー","540","?","-",,,0,0
557,1,6,3,143,"ー",99,"ー",318,"制振F/Bゲイン:0.4以上(B12P同等)
※机上検討でゲイン余裕12dBを満足するF/Bゲイン。","ー","542","?","-",,,0,0
558,1,6,3,147,"ー",84,"ー",302,"ガタ詰めトルク設定値:3Nm
(B12P同等)","DB:L修正要求値にようきゅうかくな！！！！DB:Lに存在しなかったシーン発生！！！！","515",,"-",,,0,0
559,1,6,3,143,"ー",92,"ー",319,"トルクリプル補償後トルク振幅
:片振幅0.3Nm以下
(バラつき下限:0.5Nm)
(24,48,72,96次成分の最大値)","ー","521","?","-",,,0,0
560,1,6,3,143,"ー",93,"ー",309,"制振F/Bゲイン:0.51以上(B12P同等)
※机上検討でゲイン余裕12dBを満足するF/Bゲイン","ー","521","?","-",,,0,0
561,1,6,3,143,"ー",98,"ー",320,"外乱応答時定数10ms
(カットオフ周波数16Hz)

or 

入力電圧に対する出力電圧の電圧誤差によって生じるトルク変動幅が1Nm以下","ー","542","?","-",,,0,0
562,1,6,3,142,"ー",92,"ー",321,"トルクリプル補償後トルク振幅:片振幅1.3Nm以下
(24,48,72,96次成分の最大値)","ー","544",,"-",,,0,0
563,1,6,3,142,"ー",96,"ー",322,"車速2km/h以下において、Rrモータートルクが84.3Nm以上になるような駆動力配分にならないこと(94.3Nm-10Nm)","ー","544",,"-",,,0,0
564,1,6,3,149,"ー",97,"ー",323,"0Nm指令時のトルクリプル片振幅：1.0Nm以下(24,48,72,96次数の算術和　Overall)","ー","518",,"-",,,0,0
565,1,6,3,142,"ー",94,"ー",307,"3%以上","ー","544",,"-",,,0,0
566,1,6,3,147,"ー",100,"ー",298,"制振F/Bゲイン:0.4以上(B12P同等)
※机上検討でゲイン余裕12dBを満足するF/Bゲイン。","ーDB:Lに存在しなかったシーン発生！！！！","515",,"-",,,0,0
567,1,6,3,150,"ー",87,"ー",324,"±0.3Nm以下
※MTR端","DB:FとLがつながってる！！！！","529",,"-",,,0,0
568,1,6,3,150,"ー",87,"ー",325,"(Given)
0.76Nm @XC2C値仮置き","DB:FとLがつながってる！！！！","528",,"-",,,0,0
569,1,6,3,150,"ー",87,"ー",326,"(Given)
0.011045kg・m^2","DB:FとLがつながってる！！！！","531",,"-",,,0,0
570,1,6,3,150,"ー",87,"ー",327,"0.71deg±0.09deg以下","DB:FとLがつながってる！！！！","526",,"-",,,0,0
571,1,6,3,150,"ー",87,"ー",328,"(Given)
0.011045kg・m^2","DB:FとLがつながってる！！！！","530",,"-",,,0,0
572,1,6,3,150,"ー",91,"ー",290,"※F-3と同じ","DB:Lに存在しなかったシーン発生！！！！","535,536,537,538,539",,"-",,,0,0
573,1,6,3,150,"ー",87,"ー",329,"(Given)
Fr:0.000556kg・m^2","DB:FとLがつながってる！！！！","533",,"-",,,0,0
574,1,6,3,150,"ー",87,"ー",289,"(Given)TBD
※想定されるラインアップ軸径では影響微小","DB:FとLがつながってる！！！！","534",,"-",,,0,0
575,1,6,3,150,"ー",87,"ー",330,"1.052deg±0.412deg以下","DB:FとLがつながってる！！！！","543",,"-",,,0,0
576,1,6,3,150,"ー",87,"ー",331,"(Given)
Fr:0.000827kg・m^2","DB:FとLがつながってる！！！！","532",,"-",,,0,0
577,1,6,3,150,"ー",87,"ー",282,"(Given)
[kei]検討値
フロント(左右合計)：164.7Nm/deg
リヤ(左右合計)：135.1Nm/deg","DB:FとLがつながってる！！！！","525",,"-",,,0,0
578,1,6,3,151,"D/SFTトルクpp値:10Nm以下※両軸",110,"ー",332,"Rr MTRトルク3Nm以上","DB:Lにはなかった要求値書かれてる！！！！","541",,"-",,,0,0
579,2,1,1,152,"20.6km/L",175,"7934kJ+i-booster悪化分",348,"1674kg","要求条件",,,"-",,,0,0
580,2,1,1,152,"20.6km/L",175,"7935kJ+i-booster悪化分",349,"MMC WT:0.372","要求条件",,,"-",,,0,0
581,2,1,1,152,"20.6km/L",175,"7936kJ+i-booster悪化分",350,"2.51m^2","要求条件",,,"-",,,0,0
582,2,1,1,152,"20.6km/L",175,"7937kJ+i-booster悪化分",351,"RRC66 / 15inch","要求条件",,,"-",,,0,0
583,2,1,1,152,"20.6km/L",175,"7938kJ+i-booster悪化分",352,"2.24 Nm
4輪分","要求条件",,,"-",,,0,0
584,2,1,1,152,"20.6km/L",175,"7939kJ+i-booster悪化分",353,"4.6 Nm
4輪分","要求条件",,,"-",,,0,0
585,2,1,1,152,"20.6km/L",175,"7940kJ+i-booster悪化分",354,"Ready時損失線
IGN-ON時損失線","V-F線図を別紙記載",,,"-",,,0,0
586,2,1,1,152,"20.6km/L",176,"405.4kJ",355,"359.2kJ",,,,"-",,,0,0
587,2,1,1,152,"20.6km/L",176,"405.5kJ",356,"88.6%",,,,"-",,,0,0
588,2,1,1,152,"20.6km/L",176,"405.6kJ",357,"0 kJ","空調非作動",,,"-",,,0,0
589,2,1,1,152,"20.6km/L",177,"-2879kJ",358,"-3000kJ",,,,"-",,,0,0
590,2,1,1,152,"20.6km/L",177,"-2880kJ",359,"-13kJ","前提条件を別紙記載",,,"-",,,0,0
591,2,1,1,152,"20.6km/L",177,"-2881kJ",360,"0.15 G",,,,"-",,,0,0
592,2,1,1,152,"20.6km/L",31,"21521kJ",361,"22.7%",,,,"-",,,0,0
